,age
0,39
1,50
2,38
3,53
4,28
5,37
6,49
7,52
8,31
9,42
10,37
11,30
12,23
13,32
14,40
15,34
16,25
17,32
18,38
19,43
20,40
21,54
22,35
23,43
24,59
25,56
26,19
27,54
28,39
29,49
30,23
31,20
32,45
33,30
34,22
35,48
36,21
37,19
38,31
39,48
40,31
41,53
42,24
43,49
44,25
45,57
46,53
47,44
48,41
49,29
50,25
51,18
52,47
53,50
54,47
55,43
56,46
57,35
58,41
59,30
60,30
61,32
62,48
63,42
64,29
65,36
66,28
67,53
68,49
69,25
70,19
71,31
72,29
73,23
74,79
75,27
76,40
77,67
78,18
79,31
80,18
81,52
82,46
83,59
84,44
85,53
86,49
87,33
88,30
89,43
90,57
91,37
92,28
93,30
94,34
95,29
96,48
97,37
98,48
99,32
100,76
101,44
102,47
103,20
104,29
105,32
106,17
107,30
108,31
109,42
110,24
111,38
112,56
113,28
114,36
115,53
116,56
117,49
118,55
119,22
120,21
121,40
122,30
123,29
124,19
125,47
126,20
127,31
128,35
129,39
130,28
131,24
132,38
133,37
134,46
135,38
136,43
137,27
138,20
139,49
140,61
141,27
142,19
143,45
144,70
145,31
146,22
147,36
148,64
149,43
150,47
151,34
152,33
153,21
154,52
155,48
156,23
157,71
158,29
159,42
160,68
161,25
162,44
163,28
164,45
165,36
166,39
167,46
168,18
169,66
170,27
171,28
172,51
173,27
174,28
175,27
176,21
177,34
178,18
179,33
180,44
181,43
182,30
183,40
184,37
185,34
186,41
187,53
188,31
189,58
190,38
191,24
192,41
193,47
194,41
195,23
196,36
197,40
198,35
199,24
200,26
201,19
202,51
203,42
204,37
205,18
206,36
207,35
208,58
209,17
210,44
211,37
212,35
213,60
214,54
215,37
216,50
217,38
218,45
219,25
220,31
221,64
222,90
223,54
224,53
225,18
226,60
227,66
228,75
229,65
230,35
231,41
232,25
233,33
234,28
235,59
236,40
237,41
238,38
239,23
240,40
241,41
242,24
243,20
244,38
245,56
246,58
247,32
248,40
249,45
250,41
251,42
252,59
253,19
254,58
255,42
256,20
257,32
258,45
259,50
260,36
261,45
262,17
263,59
264,26
265,37
266,19
267,64
268,33
269,33
270,61
271,17
272,50
273,27
274,30
275,43
276,44
277,35
278,25
279,24
280,22
281,42
282,34
283,60
284,21
285,57
286,41
287,50
288,25
289,50
290,36
291,31
292,29
293,21
294,27
295,65
296,37
297,39
298,24
299,38
300,48
301,21
302,31
303,55
304,24
305,43
306,26
307,46
308,35
309,41
310,26
311,34
312,19
313,36
314,22
315,24
316,77
317,22
318,29
319,62
320,39
321,43
322,35
323,29
324,76
325,63
326,23
327,43
328,58
329,66
330,41
331,26
332,47
333,55
334,53
335,17
336,30
337,49
338,19
339,45
340,26
341,38
342,36
343,33
344,22
345,43
346,67
347,30
348,56
349,31
350,33
351,26
352,33
353,46
354,59
355,38
356,65
357,40
358,42
359,26
360,36
361,62
362,43
363,43
364,22
365,28
366,56
367,22
368,57
369,39
370,26
371,17
372,40
373,45
374,44
375,20
376,33
377,23
378,46
379,38
380,54
381,46
382,25
383,46
384,36
385,23
386,29
387,44
388,19
389,19
390,35
391,27
392,46
393,34
394,34
395,44
396,45
397,20
398,25
399,52
400,20
401,28
402,50
403,34
404,28
405,41
406,28
407,46
408,28
409,32
410,41
411,24
412,33
413,46
414,31
415,35
416,52
417,30
418,34
419,34
420,20
421,17
422,32
423,29
424,33
425,25
426,36
427,23
428,63
429,47
430,80
431,17
432,40
433,30
434,27
435,33
436,34
437,34
438,23
439,42
440,29
441,45
442,24
443,44
444,27
445,20
446,44
447,51
448,20
449,17
450,19
451,45
452,60
453,42
454,44
455,40
456,30
457,38
458,23
459,32
460,44
461,54
462,32
463,50
464,24
465,37
466,52
467,38
468,49
469,30
470,60
471,22
472,35
473,30
474,67
475,46
476,17
477,22
478,27
479,23
480,33
481,43
482,28
483,41
484,52
485,25
486,63
487,59
488,45
489,38
490,40
491,46
492,35
493,34
494,33
495,41
496,20
497,23
498,26
499,72
500,23
501,62
502,52
503,58
504,25
505,24
506,19
507,43
508,47
509,39
510,49
511,53
512,32
513,34
514,28
515,57
516,25
517,20
518,21
519,34
520,38
521,50
522,24
523,37
524,44
525,28
526,42
527,74
528,38
529,44
530,44
531,26
532,36
533,41
534,67
535,39
536,57
537,29
538,31
539,34
540,44
541,29
542,30
543,27
544,27
545,32
546,58
547,35
548,21
549,28
550,46
551,36
552,72
553,35
554,33
555,69
556,35
557,31
558,34
559,30
560,28
561,54
562,47
563,24
564,52
565,20
566,43
567,45
568,29
569,47
570,24
571,51
572,17
573,37
574,27
575,29
576,18
577,36
578,58
579,26
580,65
581,57
582,59
583,27
584,31
585,21
586,29
587,18
588,52
589,57
590,42
591,55
592,60
593,31
594,23
595,27
596,23
597,42
598,25
599,49
600,32
601,19
602,60
603,42
604,35
605,48
606,51
607,29
608,36
609,17
610,52
611,24
612,24
613,26
614,27
615,39
616,30
617,50
618,52
619,46
620,23
621,45
622,65
623,29
624,47
625,30
626,34
627,38
628,33
629,49
630,47
631,49
632,43
633,30
634,58
635,19
636,21
637,33
638,47
639,52
640,26
641,60
642,21
643,36
644,31
645,50
646,31
647,71
648,58
649,30
650,20
651,24
652,35
653,38
654,27
655,29
656,70
657,34
658,44
659,43
660,44
661,35
662,27
663,43
664,20
665,42
666,27
667,42
668,20
669,24
670,48
671,17
672,17
673,33
674,50
675,22
676,17
677,32
678,31
679,58
680,29
681,37
682,34
683,23
684,18
685,34
686,66
687,45
688,41
689,26
690,54
691,24
692,42
693,20
694,23
695,25
696,35
697,31
698,30
699,19
700,36
701,31
702,21
703,31
704,46
705,44
706,40
707,45
708,60
709,18
710,28
711,36
712,36
713,40
714,36
715,31
716,33
717,19
718,22
719,34
720,33
721,41
722,29
723,50
724,42
725,43
726,44
727,20
728,31
729,65
730,23
731,55
732,26
733,25
734,45
735,35
736,36
737,43
738,56
739,42
740,19
741,55
742,42
743,26
744,17
745,42
746,55
747,32
748,29
749,46
750,29
751,22
752,58
753,23
754,39
755,27
756,54
757,33
758,46
759,37
760,36
761,59
762,34
763,53
764,51
765,32
766,31
767,22
768,47
769,32
770,26
771,37
772,31
773,37
774,55
775,23
776,36
777,34
778,43
779,54
780,43
781,28
782,40
783,41
784,40
785,42
786,61
787,18
788,59
789,21
790,48
791,41
792,18
793,23
794,60
795,22
796,61
797,25
798,46
799,43
800,43
801,24
802,68
803,31
804,17
805,32
806,50
807,33
808,64
809,20
810,30
811,22
812,43
813,22
814,17
815,47
816,41
817,56
818,64
819,47
820,48
821,31
822,29
823,30
824,32
825,57
826,62
827,39
828,43
829,24
830,42
831,53
832,26
833,73
834,72
835,55
836,25
837,41
838,24
839,63
840,17
841,35
842,51
843,62
844,55
845,43
846,40
847,37
848,39
849,31
850,61
851,26
852,46
853,26
854,48
855,34
856,34
857,59
858,34
859,49
860,18
861,43
862,48
863,28
864,33
865,24
866,21
867,17
868,39
869,29
870,44
871,24
872,71
873,51
874,55
875,41
876,23
877,38
878,39
879,19
880,49
881,32
882,27
883,38
884,33
885,63
886,23
887,33
888,54
889,29
890,48
891,35
892,28
893,37
894,42
895,40
896,47
897,22
898,30
899,28
900,63
901,51
902,22
903,27
904,35
905,46
906,37
907,24
908,37
909,53
910,27
911,38
912,53
913,34
914,23
915,39
916,43
917,67
918,81
919,21
920,23
921,25
922,42
923,38
924,64
925,32
926,37
927,51
928,22
929,33
930,42
931,19
932,51
933,23
934,37
935,37
936,47
937,41
938,33
939,31
940,31
941,35
942,38
943,18
944,20
945,54
946,40
947,36
948,43
949,44
950,44
951,43
952,51
953,18
954,51
955,41
956,44
957,33
958,33
959,42
960,25
961,32
962,32
963,36
964,28
965,20
966,35
967,55
968,48
969,36
970,34
971,28
972,67
973,37
974,44
975,25
976,21
977,40
978,78
979,34
980,49
981,22
982,23
983,60
984,45
985,63
986,41
987,47
988,44
989,51
990,46
991,41
992,50
993,47
994,35
995,56
996,45
997,48
998,40
999,39
1000,20
1001,50
1002,38
1003,23
1004,31
1005,58
1006,66
1007,39
1008,54
1009,26
1010,51
1011,34
1012,50
1013,42
1014,38
1015,48
1016,33
1017,51
1018,22
1019,19
1020,41
1021,48
1022,42
1023,34
1024,23
1025,56
1026,30
1027,45
1028,48
1029,48
1030,31
1031,20
1032,27
1033,32
1034,76
1035,19
1036,66
1037,37
1038,34
1039,34
1040,90
1041,23
1042,43
1043,44
1044,24
1045,28
1046,64
1047,23
1048,20
1049,36
1050,61
1051,53
1052,30
1053,52
1054,38
1055,32
1056,30
1057,41
1058,49
1059,45
1060,43
1061,61
1062,54
1063,34
1064,49
1065,38
1066,35
1067,36
1068,30
1069,36
1070,22
1071,38
1072,37
1073,48
1074,17
1075,19
1076,27
1077,22
1078,49
1079,43
1080,43
1081,19
1082,58
1083,41
1084,31
1085,30
1086,32
1087,29
1088,42
1089,38
1090,41
1091,44
1092,31
1093,34
1094,21
1095,22
1096,62
1097,19
1098,29
1099,43
1100,68
1101,45
1102,39
1103,41
1104,34
1105,34
1106,31
1107,29
1108,41
1109,41
1110,35
1111,33
1112,37
1113,69
1114,34
1115,60
1116,36
1117,41
1118,58
1119,53
1120,29
1121,45
1122,34
1123,36
1124,48
1125,20
1126,35
1127,63
1128,41
1129,28
1130,30
1131,34
1132,31
1133,37
1134,42
1135,31
1136,46
1137,35
1138,27
1139,41
1140,19
1141,20
1142,59
1143,40
1144,56
1145,33
1146,30
1147,46
1148,61
1149,50
1150,25
1151,40
1152,24
1153,51
1154,43
1155,34
1156,46
1157,28
1158,26
1159,20
1160,44
1161,51
1162,33
1163,54
1164,50
1165,33
1166,65
1167,22
1168,88
1169,40
1170,51
1171,50
1172,25
1173,20
1174,47
1175,58
1176,22
1177,50
1178,47
1179,24
1180,50
1181,40
1182,36
1183,32
1184,44
1185,51
1186,59
1187,65
1188,24
1189,27
1190,51
1191,48
1192,39
1193,28
1194,19
1195,49
1196,51
1197,59
1198,18
1199,50
1200,45
1201,30
1202,37
1203,44
1204,33
1205,61
1206,61
1207,38
1208,22
1209,36
1210,44
1211,37
1212,31
1213,54
1214,20
1215,63
1216,48
1217,33
1218,31
1219,38
1220,45
1221,48
1222,53
1223,55
1224,38
1225,29
1226,36
1227,42
1228,50
1229,75
1230,46
1231,52
1232,27
1233,43
1234,31
1235,23
1236,34
1237,41
1238,31
1239,42
1240,35
1241,55
1242,36
1243,65
1244,38
1245,62
1246,54
1247,49
1248,34
1249,32
1250,51
1251,48
1252,30
1253,52
1254,28
1255,29
1256,38
1257,57
1258,43
1259,37
1260,30
1261,53
1262,69
1263,73
1264,22
1265,31
1266,38
1267,50
1268,37
1269,44
1270,47
1271,27
1272,28
1273,25
1274,20
1275,51
1276,46
1277,67
1278,47
1279,42
1280,52
1281,42
1282,65
1283,21
1284,50
1285,46
1286,47
1287,57
1288,37
1289,50
1290,58
1291,63
1292,39
1293,46
1294,36
1295,26
1296,21
1297,41
1298,44
1299,22
1300,29
1301,29
1302,58
1303,36
1304,30
1305,37
1306,29
1307,26
1308,43
1309,49
1310,45
1311,28
1312,20
1313,51
1314,32
1315,24
1316,35
1317,35
1318,41
1319,48
1320,61
1321,20
1322,27
1323,55
1324,39
1325,17
1326,47
1327,52
1328,24
1329,29
1330,25
1331,20
1332,23
1333,57
1334,51
1335,33
1336,39
1337,40
1338,71
1339,38
1340,28
1341,57
1342,47
1343,59
1344,26
1345,35
1346,61
1347,17
1348,36
1349,62
1350,34
1351,32
1352,42
1353,39
1354,58
1355,61
1356,40
1357,31
1358,36
1359,23
1360,33
1361,52
1362,22
1363,51
1364,31
1365,49
1366,49
1367,53
1368,52
1369,20
1370,26
1371,61
1372,43
1373,46
1374,43
1375,41
1376,44
1377,54
1378,65
1379,32
1380,25
1381,23
1382,25
1383,19
1384,37
1385,45
1386,37
1387,40
1388,19
1389,17
1390,27
1391,40
1392,59
1393,19
1394,43
1395,42
1396,54
1397,54
1398,51
1399,50
1400,40
1401,55
1402,50
1403,31
1404,42
1405,24
1406,30
1407,39
1408,37
1409,33
1410,48
1411,43
1412,39
1413,53
1414,52
1415,28
1416,32
1417,31
1418,31
1419,47
1420,19
1421,40
1422,40
1423,41
1424,53
1425,46
1426,45
1427,39
1428,19
1429,57
1430,49
1431,59
1432,32
1433,18
1434,35
1435,58
1436,28
1437,36
1438,41
1439,47
1440,50
1441,61
1442,36
1443,38
1444,56
1445,50
1446,45
1447,44
1448,51
1449,44
1450,25
1451,60
1452,17
1453,49
1454,46
1455,56
1456,25
1457,22
1458,76
1459,41
1460,48
1461,46
1462,30
1463,39
1464,40
1465,70
1466,35
1467,49
1468,24
1469,40
1470,61
1471,25
1472,28
1473,69
1474,22
1475,47
1476,38
1477,26
1478,17
1479,33
1480,43
1481,58
1482,53
1483,26
1484,43
1485,31
1486,30
1487,25
1488,57
1489,37
1490,32
1491,26
1492,45
1493,53
1494,27
1495,28
1496,32
1497,35
1498,36
1499,19
1500,37
1501,49
1502,20
1503,64
1504,60
1505,32
1506,58
1507,42
1508,20
1509,42
1510,25
1511,30
1512,37
1513,66
1514,59
1515,44
1516,46
1517,59
1518,25
1519,17
1520,47
1521,47
1522,30
1523,20
1524,26
1525,20
1526,33
1527,48
1528,52
1529,37
1530,47
1531,40
1532,48
1533,49
1534,50
1535,30
1536,34
1537,43
1538,22
1539,35
1540,26
1541,62
1542,39
1543,59
1544,69
1545,27
1546,17
1547,38
1548,41
1549,27
1550,23
1551,17
1552,56
1553,24
1554,62
1555,44
1556,23
1557,41
1558,25
1559,21
1560,18
1561,45
1562,75
1563,51
1564,42
1565,47
1566,29
1567,33
1568,43
1569,20
1570,19
1571,44
1572,24
1573,19
1574,49
1575,52
1576,38
1577,24
1578,32
1579,72
1580,26
1581,31
1582,29
1583,39
1584,48
1585,40
1586,51
1587,28
1588,22
1589,23
1590,65
1591,26
1592,20
1593,55
1594,38
1595,33
1596,33
1597,37
1598,19
1599,24
1600,30
1601,57
1602,22
1603,57
1604,46
1605,67
1606,35
1607,47
1608,39
1609,50
1610,58
1611,36
1612,45
1613,54
1614,26
1615,60
1616,46
1617,26
1618,32
1619,38
1620,48
1621,44
1622,37
1623,44
1624,31
1625,61
1626,51
1627,52
1628,45
1629,36
1630,39
1631,67
1632,40
1633,27
1634,37
1635,57
1636,27
1637,28
1638,34
1639,54
1640,52
1641,42
1642,48
1643,65
1644,55
1645,71
1646,33
1647,30
1648,35
1649,59
1650,19
1651,36
1652,26
1653,34
1654,41
1655,44
1656,26
1657,47
1658,18
1659,55
1660,49
1661,44
1662,43
1663,62
1664,44
1665,39
1666,50
1667,35
1668,52
1669,46
1670,44
1671,43
1672,51
1673,20
1674,47
1675,43
1676,64
1677,24
1678,27
1679,32
1680,37
1681,26
1682,43
1683,50
1684,20
1685,37
1686,43
1687,37
1688,53
1689,44
1690,25
1691,17
1692,19
1693,53
1694,44
1695,51
1696,49
1697,35
1698,44
1699,54
1700,37
1701,18
1702,24
1703,29
1704,22
1705,35
1706,56
1707,32
1708,24
1709,43
1710,73
1711,47
1712,49
1713,38
1714,31
1715,39
1716,42
1717,41
1718,35
1719,38
1720,31
1721,51
1722,38
1723,40
1724,21
1725,44
1726,55
1727,29
1728,49
1729,31
1730,24
1731,46
1732,26
1733,35
1734,27
1735,64
1736,26
1737,21
1738,45
1739,57
1740,30
1741,45
1742,50
1743,38
1744,43
1745,42
1746,32
1747,20
1748,27
1749,45
1750,40
1751,38
1752,37
1753,60
1754,53
1755,25
1756,47
1757,40
1758,51
1759,19
1760,42
1761,65
1762,41
1763,28
1764,46
1765,49
1766,24
1767,32
1768,71
1769,26
1770,29
1771,50
1772,51
1773,17
1774,49
1775,31
1776,23
1777,59
1778,17
1779,43
1780,38
1781,37
1782,29
1783,39
1784,31
1785,42
1786,35
1787,39
1788,40
1789,66
1790,30
1791,43
1792,47
1793,45
1794,31
1795,33
1796,32
1797,28
1798,50
1799,63
1800,28
1801,38
1802,52
1803,38
1804,41
1805,50
1806,59
1807,32
1808,73
1809,52
1810,57
1811,35
1812,51
1813,22
1814,49
1815,22
1816,46
1817,48
1818,52
1819,43
1820,25
1821,31
1822,19
1823,19
1824,51
1825,51
1826,22
1827,37
1828,19
1829,45
1830,21
1831,52
1832,46
1833,42
1834,56
1835,23
1836,58
1837,70
1838,30
1839,45
1840,23
1841,34
1842,38
1843,24
1844,53
1845,45
1846,21
1847,21
1848,34
1849,32
1850,21
1851,63
1852,23
1853,28
1854,29
1855,25
1856,44
1857,18
1858,26
1859,47
1860,23
1861,46
1862,61
1863,25
1864,38
1865,60
1866,23
1867,36
1868,46
1869,32
1870,40
1871,31
1872,31
1873,32
1874,21
1875,63
1876,44
1877,42
1878,23
1879,30
1880,24
1881,42
1882,44
1883,27
1884,27
1885,22
1886,68
1887,55
1888,22
1889,25
1890,68
1891,62
1892,26
1893,34
1894,68
1895,42
1896,45
1897,26
1898,25
1899,23
1900,29
1901,65
1902,31
1903,26
1904,39
1905,44
1906,45
1907,26
1908,26
1909,36
1910,38
1911,39
1912,52
1913,39
1914,41
1915,42
1916,47
1917,28
1918,25
1919,35
1920,32
1921,38
1922,44
1923,21
1924,27
1925,30
1926,30
1927,45
1928,20
1929,57
1930,43
1931,50
1932,28
1933,25
1934,25
1935,90
1936,38
1937,35
1938,50
1939,26
1940,39
1941,56
1942,24
1943,46
1944,18
1945,37
1946,57
1947,43
1948,29
1949,40
1950,44
1951,77
1952,30
1953,21
1954,66
1955,40
1956,68
1957,64
1958,26
1959,32
1960,32
1961,51
1962,50
1963,49
1964,28
1965,29
1966,21
1967,28
1968,55
1969,45
1970,35
1971,31
1972,26
1973,30
1974,33
1975,40
1976,23
1977,35
1978,48
1979,39
1980,53
1981,49
1982,31
1983,36
1984,60
1985,29
1986,54
1987,28
1988,34
1989,30
1990,19
1991,26
1992,47
1993,50
1994,30
1995,44
1996,49
1997,75
1998,37
1999,51
2000,35
2001,28
2002,66
2003,72
2004,39
2005,27
2006,57
2007,24
2008,28
2009,23
2010,31
2011,23
2012,31
2013,27
2014,30
2015,31
2016,34
2017,57
2018,39
2019,23
2020,24
2021,36
2022,32
2023,35
2024,36
2025,23
2026,47
2027,35
2028,44
2029,32
2030,32
2031,63
2032,34
2033,47
2034,27
2035,23
2036,19
2037,50
2038,49
2039,36
2040,23
2041,61
2042,41
2043,27
2044,53
2045,17
2046,23
2047,53
2048,28
2049,24
2050,22
2051,53
2052,18
2053,24
2054,20
2055,30
2056,37
2057,34
2058,19
2059,20
2060,47
2061,20
2062,22
2063,42
2064,60
2065,32
2066,46
2067,66
2068,37
2069,34
2070,45
2071,35
2072,63
2073,51
2074,36
2075,25
2076,51
2077,25
2078,19
2079,47
2080,59
2081,34
2082,40
2083,42
2084,28
2085,37
2086,51
2087,25
2088,31
2089,37
2090,42
2091,29
2092,35
2093,51
2094,22
2095,49
2096,26
2097,56
2098,52
2099,61
2100,47
2101,52
2102,30
2103,43
2104,35
2105,17
2106,42
2107,26
2108,58
2109,66
2110,30
2111,46
2112,45
2113,57
2114,25
2115,21
2116,37
2117,45
2118,61
2119,39
2120,42
2121,20
2122,23
2123,25
2124,47
2125,24
2126,20
2127,35
2128,44
2129,47
2130,28
2131,41
2132,31
2133,27
2134,47
2135,44
2136,61
2137,42
2138,46
2139,46
2140,54
2141,49
2142,56
2143,52
2144,34
2145,25
2146,18
2147,58
2148,31
2149,29
2150,28
2151,30
2152,21
2153,44
2154,75
2155,66
2156,26
2157,33
2158,57
2159,47
2160,41
2161,21
2162,17
2163,61
2164,47
2165,22
2166,47
2167,45
2168,32
2169,59
2170,38
2171,33
2172,41
2173,51
2174,42
2175,27
2176,60
2177,64
2178,37
2179,54
2180,36
2181,34
2182,41
2183,35
2184,63
2185,46
2186,47
2187,24
2188,29
2189,74
2190,50
2191,22
2192,48
2193,30
2194,32
2195,39
2196,49
2197,25
2198,50
2199,44
2200,65
2201,28
2202,55
2203,49
2204,31
2205,47
2206,45
2207,35
2208,34
2209,49
2210,39
2211,27
2212,42
2213,60
2214,64
2215,33
2216,23
2217,45
2218,34
2219,53
2220,22
2221,57
2222,20
2223,23
2224,31
2225,23
2226,30
2227,32
2228,42
2229,51
2230,59
2231,36
2232,45
2233,35
2234,33
2235,43
2236,60
2237,37
2238,35
2239,36
2240,38
2241,54
2242,51
2243,45
2244,63
2245,51
2246,58
2247,64
2248,20
2249,44
2250,39
2251,45
2252,44
2253,22
2254,63
2255,26
2256,42
2257,20
2258,29
2259,38
2260,25
2261,27
2262,46
2263,31
2264,24
2265,43
2266,23
2267,32
2268,44
2269,40
2270,38
2271,23
2272,19
2273,41
2274,48
2275,23
2276,47
2277,42
2278,17
2279,29
2280,21
2281,18
2282,31
2283,27
2284,29
2285,23
2286,41
2287,46
2288,34
2289,42
2290,18
2291,46
2292,18
2293,52
2294,56
2295,21
2296,22
2297,31
2298,41
2299,25
2300,43
2301,45
2302,26
2303,90
2304,45
2305,30
2306,42
2307,20
2308,53
2309,64
2310,56
2311,42
2312,26
2313,31
2314,40
2315,58
2316,41
2317,58
2318,62
2319,65
2320,40
2321,45
2322,22
2323,23
2324,63
2325,39
2326,37
2327,25
2328,56
2329,32
2330,53
2331,32
2332,23
2333,35
2334,51
2335,19
2336,41
2337,22
2338,23
2339,36
2340,27
2341,45
2342,23
2343,21
2344,44
2345,29
2346,36
2347,18
2348,62
2349,25
2350,34
2351,31
2352,37
2353,33
2354,22
2355,28
2356,22
2357,47
2358,67
2359,20
2360,34
2361,26
2362,36
2363,28
2364,22
2365,47
2366,33
2367,34
2368,25
2369,37
2370,36
2371,61
2372,74
2373,57
2374,55
2375,20
2376,43
2377,54
2378,25
2379,42
2380,23
2381,17
2382,39
2383,63
2384,19
2385,56
2386,33
2387,37
2388,27
2389,36
2390,30
2391,22
2392,35
2393,20
2394,18
2395,25
2396,53
2397,21
2398,19
2399,34
2400,32
2401,20
2402,70
2403,57
2404,54
2405,34
2406,48
2407,42
2408,45
2409,27
2410,51
2411,36
2412,33
2413,50
2414,44
2415,39
2416,55
2417,24
2418,35
2419,32
2420,66
2421,68
2422,29
2423,24
2424,61
2425,34
2426,55
2427,20
2428,41
2429,36
2430,60
2431,61
2432,35
2433,42
2434,26
2435,44
2436,31
2437,39
2438,20
2439,32
2440,32
2441,61
2442,54
2443,23
2444,19
2445,31
2446,35
2447,29
2448,29
2449,25
2450,46
2451,35
2452,20
2453,24
2454,48
2455,37
2456,60
2457,39
2458,29
2459,31
2460,38
2461,26
2462,64
2463,46
2464,69
2465,39
2466,48
2467,46
2468,42
2469,39
2470,50
2471,24
2472,30
2473,39
2474,29
2475,23
2476,21
2477,32
2478,69
2479,55
2480,41
2481,44
2482,18
2483,74
2484,40
2485,27
2486,75
2487,55
2488,52
2489,54
2490,36
2491,76
2492,26
2493,18
2494,38
2495,50
2496,19
2497,32
2498,57
2499,20
2500,27
2501,31
2502,60
2503,52
2504,61
2505,57
2506,19
2507,59
2508,34
2509,31
2510,42
2511,70
2512,47
2513,47
2514,29
2515,27
2516,25
2517,51
2518,28
2519,35
2520,36
2521,54
2522,46
2523,52
2524,65
2525,43
2526,41
2527,34
2528,47
2529,49
2530,21
2531,20
2532,18
2533,27
2534,34
2535,38
2536,24
2537,34
2538,47
2539,27
2540,63
2541,34
2542,25
2543,54
2544,19
2545,35
2546,24
2547,26
2548,59
2549,43
2550,20
2551,41
2552,51
2553,27
2554,36
2555,25
2556,55
2557,22
2558,58
2559,43
2560,39
2561,40
2562,46
2563,54
2564,19
2565,24
2566,53
2567,24
2568,29
2569,56
2570,54
2571,21
2572,34
2573,56
2574,34
2575,19
2576,32
2577,48
2578,67
2579,47
2580,52
2581,40
2582,28
2583,41
2584,57
2585,51
2586,26
2587,36
2588,33
2589,46
2590,50
2591,33
2592,77
2593,39
2594,67
2595,35
2596,23
2597,37
2598,41
2599,60
2600,32
2601,56
2602,45
2603,24
2604,18
2605,31
2606,21
2607,45
2608,23
2609,45
2610,18
2611,25
2612,31
2613,19
2614,41
2615,74
2616,27
2617,23
2618,31
2619,40
2620,41
2621,25
2622,42
2623,24
2624,42
2625,45
2626,52
2627,34
2628,32
2629,54
2630,42
2631,32
2632,40
2633,55
2634,66
2635,52
2636,21
2637,33
2638,52
2639,28
2640,27
2641,42
2642,27
2643,47
2644,19
2645,46
2646,55
2647,50
2648,32
2649,28
2650,23
2651,43
2652,34
2653,19
2654,37
2655,27
2656,18
2657,31
2658,49
2659,26
2660,48
2661,39
2662,41
2663,48
2664,40
2665,70
2666,20
2667,38
2668,37
2669,49
2670,51
2671,43
2672,38
2673,18
2674,23
2675,34
2676,62
2677,33
2678,31
2679,64
2680,26
2681,55
2682,61
2683,37
2684,78
2685,27
2686,49
2687,55
2688,42
2689,22
2690,61
2691,64
2692,46
2693,24
2694,27
2695,47
2696,18
2697,48
2698,50
2699,40
2700,56
2701,34
2702,56
2703,18
2704,21
2705,40
2706,27
2707,52
2708,46
2709,23
2710,50
2711,19
2712,20
2713,39
2714,24
2715,72
2716,42
2717,42
2718,51
2719,39
2720,40
2721,34
2722,19
2723,26
2724,45
2725,28
2726,30
2727,32
2728,19
2729,21
2730,54
2731,62
2732,25
2733,49
2734,32
2735,26
2736,37
2737,58
2738,37
2739,41
2740,38
2741,47
2742,42
2743,30
2744,43
2745,34
2746,57
2747,46
2748,32
2749,20
2750,47
2751,55
2752,53
2753,43
2754,80
2755,24
2756,43
2757,22
2758,40
2759,48
2760,56
2761,34
2762,51
2763,24
2764,19
2765,34
2766,24
2767,41
2768,24
2769,22
2770,32
2771,41
2772,20
2773,31
2774,55
2775,49
2776,26
2777,27
2778,35
2779,40
2780,59
2781,61
2782,31
2783,43
2784,61
2785,54
2786,30
2787,20
2788,27
2789,44
2790,64
2791,55
2792,34
2793,61
2794,28
2795,34
2796,47
2797,26
2798,35
2799,36
2800,47
2801,17
2802,35
2803,33
2804,25
2805,18
2806,47
2807,44
2808,41
2809,30
2810,53
2811,53
2812,40
2813,24
2814,27
2815,50
2816,36
2817,41
2818,41
2819,31
2820,32
2821,22
2822,22
2823,18
2824,39
2825,38
2826,35
2827,23
2828,54
2829,36
2830,63
2831,39
2832,57
2833,58
2834,29
2835,17
2836,40
2837,69
2838,28
2839,38
2840,44
2841,45
2842,33
2843,41
2844,37
2845,50
2846,48
2847,26
2848,36
2849,21
2850,37
2851,20
2852,54
2853,28
2854,27
2855,33
2856,46
2857,28
2858,17
2859,40
2860,47
2861,44
2862,25
2863,35
2864,29
2865,30
2866,30
2867,56
2868,25
2869,28
2870,43
2871,47
2872,46
2873,41
2874,38
2875,29
2876,25
2877,56
2878,31
2879,22
2880,31
2881,28
2882,53
2883,45
2884,71
2885,65
2886,39
2887,19
2888,34
2889,36
2890,40
2891,90
2892,56
2893,21
2894,48
2895,45
2896,46
2897,64
2898,29
2899,22
2900,47
2901,67
2902,43
2903,42
2904,31
2905,53
2906,81
2907,33
2908,17
2909,55
2910,28
2911,24
2912,40
2913,30
2914,24
2915,26
2916,38
2917,30
2918,33
2919,40
2920,63
2921,23
2922,56
2923,42
2924,40
2925,49
2926,35
2927,52
2928,28
2929,35
2930,21
2931,43
2932,32
2933,29
2934,23
2935,50
2936,34
2937,19
2938,47
2939,37
2940,25
2941,75
2942,24
2943,28
2944,17
2945,31
2946,31
2947,18
2948,45
2949,31
2950,27
2951,48
2952,22
2953,34
2954,26
2955,53
2956,60
2957,49
2958,40
2959,48
2960,23
2961,68
2962,42
2963,37
2964,27
2965,38
2966,27
2967,75
2968,49
2969,27
2970,36
2971,36
2972,35
2973,36
2974,53
2975,27
2976,34
2977,61
2978,29
2979,40
2980,37
2981,22
2982,43
2983,55
2984,28
2985,23
2986,64
2987,46
2988,29
2989,44
2990,20
2991,62
2992,49
2993,29
2994,35
2995,39
2996,39
2997,37
2998,38
2999,72
3000,31
3001,55
3002,38
3003,33
3004,25
3005,19
3006,37
3007,49
3008,26
3009,35
3010,44
3011,37
3012,42
3013,64
3014,28
3015,35
3016,40
3017,55
3018,21
3019,49
3020,51
3021,57
3022,51
3023,38
3024,24
3025,45
3026,28
3027,42
3028,22
3029,28
3030,60
3031,31
3032,47
3033,40
3034,30
3035,61
3036,71
3037,42
3038,44
3039,46
3040,50
3041,27
3042,40
3043,21
3044,25
3045,61
3046,54
3047,31
3048,53
3049,39
3050,57
3051,48
3052,30
3053,35
3054,42
3055,34
3056,59
3057,69
3058,29
3059,40
3060,21
3061,40
3062,43
3063,36
3064,41
3065,72
3066,20
3067,41
3068,34
3069,48
3070,27
3071,35
3072,28
3073,27
3074,20
3075,18
3076,32
3077,38
3078,23
3079,28
3080,40
3081,35
3082,74
3083,28
3084,23
3085,20
3086,44
3087,46
3088,20
3089,51
3090,40
3091,48
3092,60
3093,48
3094,46
3095,48
3096,22
3097,24
3098,45
3099,18
3100,39
3101,65
3102,22
3103,20
3104,28
3105,46
3106,42
3107,61
3108,28
3109,18
3110,24
3111,45
3112,24
3113,44
3114,20
3115,35
3116,52
3117,25
3118,19
3119,35
3120,54
3121,21
3122,26
3123,42
3124,19
3125,55
3126,44
3127,25
3128,26
3129,64
3130,41
3131,25
3132,43
3133,45
3134,48
3135,60
3136,45
3137,51
3138,37
3139,22
3140,44
3141,27
3142,47
3143,32
3144,40
3145,41
3146,32
3147,26
3148,47
3149,55
3150,38
3151,24
3152,64
3153,56
3154,41
3155,33
3156,33
3157,21
3158,59
3159,58
3160,43
3161,21
3162,45
3163,53
3164,41
3165,27
3166,53
3167,38
3168,31
3169,41
3170,22
3171,43
3172,41
3173,27
3174,41
3175,36
3176,49
3177,20
3178,58
3179,35
3180,30
3181,21
3182,29
3183,40
3184,54
3185,35
3186,35
3187,40
3188,59
3189,43
3190,39
3191,51
3192,71
3193,33
3194,28
3195,30
3196,20
3197,51
3198,39
3199,62
3200,37
3201,28
3202,23
3203,39
3204,50
3205,31
3206,45
3207,23
3208,47
3209,59
3210,32
3211,82
3212,49
3213,74
3214,22
3215,32
3216,34
3217,59
3218,36
3219,59
3220,47
3221,53
3222,25
3223,44
3224,57
3225,42
3226,58
3227,39
3228,32
3229,45
3230,47
3231,52
3232,56
3233,52
3234,34
3235,36
3236,41
3237,30
3238,44
3239,17
3240,34
3241,41
3242,29
3243,25
3244,42
3245,48
3246,26
3247,64
3248,46
3249,38
3250,49
3251,23
3252,46
3253,30
3254,49
3255,47
3256,44
3257,31
3258,19
3259,45
3260,34
3261,26
3262,38
3263,31
3264,36
3265,31
3266,30
3267,37
3268,30
3269,21
3270,73
3271,38
3272,30
3273,33
3274,52
3275,58
3276,34
3277,35
3278,59
3279,45
3280,27
3281,31
3282,45
3283,40
3284,27
3285,19
3286,29
3287,34
3288,32
3289,49
3290,33
3291,74
3292,62
3293,39
3294,43
3295,22
3296,24
3297,76
3298,25
3299,19
3300,31
3301,53
3302,61
3303,47
3304,37
3305,50
3306,27
3307,58
3308,43
3309,39
3310,36
3311,56
3312,26
3313,23
3314,47
3315,68
3316,47
3317,45
3318,26
3319,20
3320,46
3321,37
3322,37
3323,43
3324,59
3325,39
3326,32
3327,63
3328,45
3329,59
3330,36
3331,26
3332,34
3333,41
3334,26
3335,53
3336,33
3337,46
3338,79
3339,31
3340,24
3341,57
3342,40
3343,41
3344,20
3345,45
3346,27
3347,36
3348,30
3349,36
3350,25
3351,30
3352,31
3353,49
3354,26
3355,25
3356,29
3357,24
3358,41
3359,35
3360,57
3361,21
3362,29
3363,36
3364,20
3365,51
3366,39
3367,36
3368,40
3369,61
3370,38
3371,20
3372,21
3373,40
3374,46
3375,21
3376,35
3377,39
3378,38
3379,30
3380,28
3381,32
3382,46
3383,40
3384,47
3385,44
3386,38
3387,51
3388,46
3389,51
3390,45
3391,20
3392,44
3393,33
3394,18
3395,61
3396,50
3397,47
3398,34
3399,53
3400,39
3401,58
3402,66
3403,26
3404,41
3405,47
3406,31
3407,52
3408,29
3409,43
3410,42
3411,35
3412,41
3413,34
3414,52
3415,61
3416,39
3417,19
3418,46
3419,39
3420,22
3421,30
3422,40
3423,43
3424,37
3425,23
3426,39
3427,54
3428,46
3429,20
3430,50
3431,17
3432,36
3433,37
3434,53
3435,50
3436,38
3437,63
3438,53
3439,40
3440,23
3441,20
3442,46
3443,28
3444,59
3445,41
3446,33
3447,56
3448,50
3449,31
3450,41
3451,38
3452,25
3453,18
3454,49
3455,39
3456,22
3457,21
3458,35
3459,21
3460,38
3461,55
3462,31
3463,17
3464,31
3465,25
3466,39
3467,50
3468,38
3469,50
3470,63
3471,31
3472,23
3473,18
3474,43
3475,34
3476,18
3477,46
3478,35
3479,46
3480,59
3481,31
3482,27
3483,41
3484,42
3485,55
3486,34
3487,44
3488,26
3489,36
3490,69
3491,33
3492,30
3493,35
3494,25
3495,21
3496,18
3497,35
3498,20
3499,26
3500,46
3501,31
3502,40
3503,40
3504,31
3505,32
3506,23
3507,25
3508,37
3509,18
3510,55
3511,52
3512,26
3513,37
3514,39
3515,62
3516,19
3517,47
3518,51
3519,55
3520,30
3521,59
3522,45
3523,52
3524,21
3525,31
3526,29
3527,24
3528,17
3529,47
3530,46
3531,32
3532,34
3533,63
3534,21
3535,18
3536,49
3537,81
3538,36
3539,47
3540,36
3541,39
3542,46
3543,43
3544,39
3545,29
3546,23
3547,57
3548,38
3549,25
3550,39
3551,24
3552,56
3553,39
3554,23
3555,17
3556,67
3557,41
3558,24
3559,51
3560,30
3561,47
3562,56
3563,51
3564,57
3565,34
3566,24
3567,57
3568,38
3569,23
3570,35
3571,58
3572,19
3573,19
3574,68
3575,43
3576,17
3577,53
3578,37
3579,21
3580,63
3581,31
3582,29
3583,43
3584,27
3585,25
3586,28
3587,54
3588,74
3589,31
3590,23
3591,19
3592,39
3593,61
3594,59
3595,27
3596,19
3597,23
3598,25
3599,40
3600,53
3601,32
3602,72
3603,61
3604,42
3605,17
3606,73
3607,41
3608,23
3609,23
3610,65
3611,45
3612,52
3613,24
3614,23
3615,30
3616,26
3617,37
3618,17
3619,31
3620,52
3621,63
3622,27
3623,31
3624,71
3625,35
3626,44
3627,36
3628,22
3629,32
3630,30
3631,60
3632,25
3633,76
3634,41
3635,26
3636,45
3637,32
3638,22
3639,39
3640,63
3641,23
3642,61
3643,31
3644,25
3645,33
3646,39
3647,53
3648,26
3649,21
3650,18
3651,34
3652,44
3653,31
3654,44
3655,42
3656,43
3657,33
3658,21
3659,30
3660,55
3661,57
3662,37
3663,32
3664,62
3665,31
3666,51
3667,37
3668,45
3669,47
3670,31
3671,75
3672,43
3673,39
3674,30
3675,27
3676,44
3677,53
3678,40
3679,18
3680,33
3681,20
3682,38
3683,48
3684,46
3685,51
3686,35
3687,24
3688,30
3689,70
3690,26
3691,34
3692,46
3693,70
3694,37
3695,36
3696,23
3697,28
3698,44
3699,58
3700,53
3701,23
3702,26
3703,21
3704,34
3705,43
3706,22
3707,41
3708,36
3709,41
3710,27
3711,42
3712,27
3713,41
3714,32
3715,21
3716,44
3717,29
3718,19
3719,21
3720,46
3721,38
3722,43
3723,54
3724,38
3725,18
3726,50
3727,30
3728,30
3729,28
3730,26
3731,37
3732,32
3733,64
3734,18
3735,30
3736,36
3737,18
3738,27
3739,49
3740,46
3741,37
3742,30
3743,29
3744,22
3745,25
3746,38
3747,32
3748,35
3749,56
3750,29
3751,41
3752,47
3753,23
3754,46
3755,28
3756,39
3757,42
3758,39
3759,68
3760,37
3761,57
3762,22
3763,24
3764,19
3765,55
3766,37
3767,37
3768,28
3769,27
3770,40
3771,51
3772,52
3773,74
3774,49
3775,20
3776,40
3777,80
3778,63
3779,63
3780,51
3781,23
3782,66
3783,33
3784,49
3785,20
3786,33
3787,26
3788,52
3789,33
3790,47
3791,23
3792,53
3793,19
3794,26
3795,53
3796,65
3797,68
3798,30
3799,28
3800,54
3801,30
3802,22
3803,25
3804,19
3805,19
3806,32
3807,23
3808,51
3809,25
3810,46
3811,38
3812,26
3813,46
3814,25
3815,20
3816,29
3817,51
3818,40
3819,24
3820,24
3821,31
3822,54
3823,34
3824,19
3825,21
3826,21
3827,23
3828,37
3829,40
3830,57
3831,48
3832,24
3833,43
3834,32
3835,40
3836,52
3837,49
3838,45
3839,62
3840,29
3841,49
3842,55
3843,20
3844,37
3845,43
3846,29
3847,44
3848,28
3849,38
3850,45
3851,22
3852,19
3853,20
3854,60
3855,30
3856,22
3857,51
3858,31
3859,48
3860,43
3861,51
3862,41
3863,62
3864,50
3865,46
3866,54
3867,68
3868,23
3869,49
3870,24
3871,30
3872,38
3873,34
3874,22
3875,30
3876,61
3877,36
3878,51
3879,43
3880,54
3881,63
3882,51
3883,63
3884,51
3885,27
3886,35
3887,31
3888,46
3889,53
3890,26
3891,43
3892,39
3893,50
3894,54
3895,62
3896,57
3897,19
3898,29
3899,20
3900,53
3901,18
3902,22
3903,23
3904,69
3905,56
3906,53
3907,28
3908,28
3909,33
3910,48
3911,61
3912,49
3913,48
3914,32
3915,51
3916,27
3917,19
3918,47
3919,25
3920,72
3921,29
3922,22
3923,57
3924,50
3925,45
3926,52
3927,53
3928,36
3929,46
3930,20
3931,75
3932,32
3933,28
3934,53
3935,17
3936,46
3937,39
3938,38
3939,36
3940,63
3941,28
3942,28
3943,49
3944,43
3945,38
3946,39
3947,42
3948,40
3949,45
3950,29
3951,24
3952,30
3953,44
3954,40
3955,30
3956,42
3957,52
3958,42
3959,39
3960,43
3961,62
3962,30
3963,83
3964,39
3965,41
3966,49
3967,25
3968,48
3969,59
3970,44
3971,36
3972,40
3973,21
3974,41
3975,24
3976,67
3977,24
3978,50
3979,48
3980,55
3981,29
3982,50
3983,64
3984,49
3985,20
3986,30
3987,37
3988,52
3989,22
3990,77
3991,19
3992,52
3993,42
3994,35
3995,27
3996,54
3997,37
3998,37
3999,28
4000,63
4001,19
4002,28
4003,23
4004,44
4005,31
4006,35
4007,64
4008,40
4009,59
4010,22
4011,40
4012,35
4013,20
4014,35
4015,28
4016,28
4017,37
4018,72
4019,25
4020,37
4021,19
4022,31
4023,41
4024,31
4025,44
4026,20
4027,57
4028,26
4029,44
4030,29
4031,36
4032,40
4033,21
4034,21
4035,34
4036,24
4037,28
4038,35
4039,35
4040,38
4041,44
4042,39
4043,57
4044,19
4045,29
4046,23
4047,50
4048,51
4049,28
4050,44
4051,29
4052,31
4053,27
4054,34
4055,50
4056,27
4057,31
4058,46
4059,39
4060,40
4061,28
4062,18
4063,51
4064,58
4065,66
4066,36
4067,38
4068,25
4069,25
4070,90
4071,41
4072,34
4073,33
4074,33
4075,35
4076,39
4077,59
4078,19
4079,39
4080,19
4081,27
4082,52
4083,59
4084,28
4085,37
4086,50
4087,36
4088,34
4089,23
4090,19
4091,33
4092,27
4093,31
4094,21
4095,31
4096,59
4097,40
4098,19
4099,47
4100,34
4101,57
4102,51
4103,21
4104,30
4105,46
4106,40
4107,52
4108,23
4109,90
4110,25
4111,43
4112,38
4113,22
4114,33
4115,34
4116,65
4117,50
4118,29
4119,25
4120,54
4121,49
4122,44
4123,24
4124,25
4125,65
4126,56
4127,39
4128,23
4129,20
4130,24
4131,41
4132,40
4133,55
4134,38
4135,23
4136,44
4137,45
4138,20
4139,29
4140,43
4141,30
4142,28
4143,31
4144,52
4145,36
4146,38
4147,66
4148,63
4149,21
4150,33
4151,46
4152,20
4153,47
4154,33
4155,66
4156,20
4157,28
4158,46
4159,25
4160,37
4161,31
4162,49
4163,22
4164,52
4165,29
4166,18
4167,31
4168,23
4169,27
4170,54
4171,50
4172,46
4173,24
4174,17
4175,49
4176,54
4177,41
4178,49
4179,36
4180,23
4181,63
4182,67
4183,23
4184,22
4185,66
4186,25
4187,30
4188,35
4189,67
4190,30
4191,26
4192,34
4193,21
4194,18
4195,21
4196,76
4197,51
4198,26
4199,18
4200,18
4201,34
4202,59
4203,55
4204,33
4205,25
4206,48
4207,64
4208,47
4209,26
4210,36
4211,21
4212,54
4213,30
4214,41
4215,53
4216,34
4217,20
4218,24
4219,26
4220,25
4221,35
4222,41
4223,33
4224,18
4225,27
4226,32
4227,51
4228,38
4229,41
4230,26
4231,38
4232,54
4233,30
4234,31
4235,26
4236,75
4237,29
4238,61
4239,24
4240,22
4241,34
4242,42
4243,24
4244,42
4245,27
4246,39
4247,20
4248,51
4249,68
4250,28
4251,43
4252,35
4253,44
4254,41
4255,44
4256,20
4257,46
4258,27
4259,32
4260,46
4261,26
4262,20
4263,36
4264,49
4265,32
4266,32
4267,49
4268,36
4269,22
4270,52
4271,42
4272,22
4273,72
4274,30
4275,44
4276,23
4277,22
4278,59
4279,46
4280,30
4281,64
4282,31
4283,64
4284,45
4285,59
4286,32
4287,43
4288,66
4289,23
4290,49
4291,32
4292,49
4293,33
4294,28
4295,47
4296,41
4297,34
4298,25
4299,20
4300,21
4301,25
4302,46
4303,37
4304,41
4305,44
4306,30
4307,54
4308,35
4309,58
4310,21
4311,35
4312,35
4313,19
4314,48
4315,56
4316,65
4317,40
4318,26
4319,45
4320,26
4321,32
4322,35
4323,22
4324,37
4325,25
4326,64
4327,46
4328,30
4329,63
4330,51
4331,68
4332,36
4333,28
4334,41
4335,47
4336,22
4337,33
4338,34
4339,46
4340,28
4341,36
4342,18
4343,33
4344,51
4345,56
4346,54
4347,29
4348,40
4349,53
4350,22
4351,33
4352,28
4353,63
4354,53
4355,37
4356,50
4357,22
4358,40
4359,22
4360,21
4361,25
4362,20
4363,43
4364,29
4365,32
4366,42
4367,33
4368,27
4369,22
4370,29
4371,29
4372,20
4373,35
4374,31
4375,33
4376,67
4377,46
4378,45
4379,17
4380,35
4381,48
4382,49
4383,20
4384,27
4385,64
4386,53
4387,52
4388,29
4389,32
4390,48
4391,30
4392,34
4393,19
4394,39
4395,28
4396,17
4397,54
4398,24
4399,25
4400,25
4401,48
4402,24
4403,31
4404,47
4405,45
4406,19
4407,52
4408,52
4409,19
4410,60
4411,43
4412,24
4413,20
4414,51
4415,38
4416,21
4417,40
4418,54
4419,35
4420,52
4421,53
4422,56
4423,35
4424,43
4425,29
4426,29
4427,27
4428,58
4429,64
4430,53
4431,21
4432,40
4433,52
4434,38
4435,40
4436,39
4437,56
4438,68
4439,24
4440,40
4441,43
4442,38
4443,45
4444,18
4445,57
4446,49
4447,25
4448,52
4449,56
4450,26
4451,19
4452,25
4453,25
4454,21
4455,48
4456,33
4457,31
4458,26
4459,37
4460,29
4461,20
4462,28
4463,49
4464,73
4465,49
4466,51
4467,40
4468,24
4469,18
4470,41
4471,46
4472,46
4473,64
4474,50
4475,53
4476,21
4477,22
4478,37
4479,39
4480,30
4481,25
4482,26
4483,43
4484,59
4485,27
4486,55
4487,20
4488,25
4489,28
4490,29
4491,60
4492,37
4493,25
4494,27
4495,50
4496,41
4497,46
4498,35
4499,21
4500,35
4501,40
4502,49
4503,29
4504,43
4505,39
4506,35
4507,52
4508,25
4509,20
4510,46
4511,24
4512,29
4513,21
4514,37
4515,43
4516,19
4517,47
4518,61
4519,21
4520,35
4521,60
4522,27
4523,57
4524,56
4525,27
4526,47
4527,19
4528,28
4529,43
4530,63
4531,22
4532,25
4533,35
4534,20
4535,48
4536,30
4537,31
4538,20
4539,57
4540,41
4541,33
4542,27
4543,34
4544,22
4545,50
4546,40
4547,37
4548,40
4549,53
4550,38
4551,25
4552,51
4553,22
4554,18
4555,41
4556,33
4557,33
4558,67
4559,47
4560,24
4561,32
4562,29
4563,25
4564,33
4565,55
4566,31
4567,32
4568,18
4569,36
4570,58
4571,34
4572,19
4573,21
4574,36
4575,37
4576,43
4577,52
4578,48
4579,43
4580,22
4581,57
4582,37
4583,39
4584,54
4585,27
4586,21
4587,65
4588,30
4589,22
4590,26
4591,25
4592,35
4593,47
4594,23
4595,42
4596,39
4597,55
4598,24
4599,46
4600,53
4601,44
4602,40
4603,48
4604,26
4605,22
4606,35
4607,20
4608,43
4609,37
4610,30
4611,41
4612,38
4613,77
4614,42
4615,20
4616,36
4617,32
4618,27
4619,25
4620,40
4621,18
4622,49
4623,17
4624,29
4625,47
4626,24
4627,58
4628,29
4629,45
4630,30
4631,19
4632,59
4633,47
4634,41
4635,28
4636,46
4637,40
4638,66
4639,30
4640,44
4641,58
4642,21
4643,59
4644,35
4645,45
4646,30
4647,33
4648,26
4649,48
4650,31
4651,36
4652,48
4653,30
4654,33
4655,19
4656,37
4657,53
4658,18
4659,38
4660,34
4661,45
4662,33
4663,35
4664,22
4665,35
4666,45
4667,17
4668,50
4669,38
4670,33
4671,46
4672,25
4673,64
4674,62
4675,32
4676,17
4677,61
4678,40
4679,21
4680,39
4681,35
4682,29
4683,27
4684,20
4685,34
4686,51
4687,45
4688,20
4689,31
4690,29
4691,56
4692,55
4693,26
4694,46
4695,32
4696,28
4697,27
4698,23
4699,59
4700,26
4701,36
4702,18
4703,33
4704,60
4705,40
4706,48
4707,27
4708,19
4709,38
4710,26
4711,45
4712,20
4713,32
4714,22
4715,22
4716,38
4717,34
4718,46
4719,39
4720,79
4721,60
4722,24
4723,31
4724,37
4725,23
4726,31
4727,29
4728,22
4729,69
4730,55
4731,43
4732,23
4733,29
4734,22
4735,22
4736,25
4737,29
4738,25
4739,33
4740,33
4741,31
4742,30
4743,55
4744,36
4745,47
4746,28
4747,42
4748,51
4749,62
4750,65
4751,23
4752,60
4753,47
4754,50
4755,70
4756,32
4757,37
4758,31
4759,76
4760,54
4761,32
4762,31
4763,31
4764,65
4765,30
4766,63
4767,21
4768,40
4769,26
4770,18
4771,34
4772,66
4773,44
4774,30
4775,36
4776,31
4777,22
4778,28
4779,23
4780,49
4781,39
4782,67
4783,19
4784,30
4785,25
4786,24
4787,46
4788,37
4789,41
4790,40
4791,44
4792,32
4793,58
4794,48
4795,34
4796,29
4797,46
4798,36
4799,59
4800,29
4801,50
4802,25
4803,27
4804,48
4805,51
4806,36
4807,42
4808,49
4809,33
4810,40
4811,26
4812,69
4813,59
4814,30
4815,31
4816,30
4817,27
4818,20
4819,56
4820,24
4821,47
4822,51
4823,34
4824,47
4825,47
4826,20
4827,34
4828,31
4829,42
4830,52
4831,56
4832,53
4833,26
4834,81
4835,28
4836,57
4837,34
4838,31
4839,24
4840,20
4841,68
4842,60
4843,37
4844,25
4845,36
4846,45
4847,34
4848,31
4849,47
4850,60
4851,75
4852,43
4853,18
4854,25
4855,20
4856,32
4857,57
4858,43
4859,18
4860,41
4861,48
4862,35
4863,41
4864,23
4865,32
4866,33
4867,58
4868,22
4869,33
4870,42
4871,25
4872,39
4873,35
4874,50
4875,49
4876,25
4877,47
4878,46
4879,42
4880,37
4881,25
4882,29
4883,26
4884,26
4885,45
4886,34
4887,33
4888,43
4889,28
4890,51
4891,21
4892,23
4893,30
4894,46
4895,38
4896,20
4897,36
4898,37
4899,44
4900,33
4901,45
4902,47
4903,54
4904,17
4905,43
4906,45
4907,37
4908,44
4909,55
4910,41
4911,23
4912,38
4913,23
4914,35
4915,18
4916,47
4917,25
4918,41
4919,23
4920,41
4921,26
4922,30
4923,42
4924,35
4925,28
4926,29
4927,21
4928,48
4929,44
4930,34
4931,19
4932,32
4933,31
4934,25
4935,47
4936,46
4937,18
4938,31
4939,28
4940,38
4941,33
4942,17
4943,41
4944,46
4945,38
4946,24
4947,49
4948,60
4949,44
4950,63
4951,40
4952,45
4953,49
4954,36
4955,65
4956,41
4957,25
4958,20
4959,60
4960,17
4961,28
4962,31
4963,47
4964,45
4965,51
4966,23
4967,44
4968,34
4969,19
4970,51
4971,46
4972,30
4973,37
4974,56
4975,29
4976,46
4977,55
4978,45
4979,34
4980,45
4981,41
4982,22
4983,34
4984,27
4985,29
4986,19
4987,47
4988,43
4989,52
4990,33
4991,29
4992,23
4993,23
4994,39
4995,43
4996,31
4997,47
4998,26
4999,58
5000,47
5001,55
5002,26
5003,28
5004,36
5005,40
5006,19
5007,63
5008,42
5009,76
5010,23
5011,38
5012,33
5013,48
5014,56
5015,32
5016,44
5017,27
5018,33
5019,22
5020,18
5021,44
5022,42
5023,34
5024,45
5025,57
5026,59
5027,33
5028,52
5029,17
5030,29
5031,63
5032,20
5033,42
5034,50
5035,55
5036,27
5037,28
5038,55
5039,44
5040,53
5041,23
5042,25
5043,44
5044,55
5045,48
5046,46
5047,26
5048,30
5049,32
5050,52
5051,52
5052,39
5053,57
5054,21
5055,22
5056,26
5057,26
5058,44
5059,42
5060,40
5061,22
5062,62
5063,44
5064,18
5065,33
5066,45
5067,18
5068,32
5069,33
5070,20
5071,68
5072,61
5073,48
5074,45
5075,36
5076,32
5077,35
5078,39
5079,53
5080,30
5081,37
5082,40
5083,25
5084,41
5085,52
5086,33
5087,28
5088,25
5089,53
5090,44
5091,35
5092,38
5093,34
5094,33
5095,24
5096,65
5097,29
5098,39
5099,46
5100,37
5101,47
5102,62
5103,54
5104,90
5105,33
5106,57
5107,25
5108,44
5109,52
5110,21
5111,31
5112,39
5113,59
5114,29
5115,49
5116,34
5117,22
5118,32
5119,39
5120,46
5121,50
5122,34
5123,28
5124,18
5125,20
5126,20
5127,55
5128,22
5129,60
5130,40
5131,47
5132,23
5133,57
5134,52
5135,42
5136,25
5137,49
5138,41
5139,40
5140,38
5141,58
5142,26
5143,57
5144,28
5145,42
5146,28
5147,17
5148,39
5149,28
5150,42
5151,51
5152,27
5153,41
5154,28
5155,54
5156,73
5157,49
5158,47
5159,27
5160,42
5161,32
5162,32
5163,27
5164,29
5165,22
5166,41
5167,49
5168,58
5169,41
5170,26
5171,21
5172,32
5173,37
5174,23
5175,42
5176,25
5177,67
5178,41
5179,49
5180,36
5181,18
5182,25
5183,43
5184,38
5185,21
5186,65
5187,66
5188,33
5189,51
5190,27
5191,17
5192,32
5193,61
5194,38
5195,43
5196,40
5197,63
5198,76
5199,42
5200,43
5201,76
5202,41
5203,17
5204,30
5205,30
5206,22
5207,53
5208,28
5209,25
5210,24
5211,47
5212,34
5213,26
5214,63
5215,25
5216,28
5217,36
5218,24
5219,51
5220,44
5221,18
5222,54
5223,61
5224,51
5225,43
5226,51
5227,50
5228,27
5229,24
5230,20
5231,52
5232,57
5233,49
5234,42
5235,22
5236,38
5237,21
5238,39
5239,52
5240,25
5241,50
5242,35
5243,50
5244,58
5245,48
5246,30
5247,18
5248,29
5249,52
5250,63
5251,36
5252,24
5253,30
5254,23
5255,35
5256,21
5257,28
5258,20
5259,18
5260,21
5261,27
5262,42
5263,21
5264,51
5265,27
5266,23
5267,57
5268,22
5269,59
5270,38
5271,20
5272,90
5273,35
5274,50
5275,45
5276,44
5277,23
5278,34
5279,23
5280,39
5281,19
5282,54
5283,40
5284,44
5285,31
5286,25
5287,33
5288,32
5289,36
5290,47
5291,80
5292,21
5293,35
5294,77
5295,30
5296,35
5297,49
5298,33
5299,53
5300,41
5301,57
5302,21
5303,19
5304,28
5305,42
5306,29
5307,38
5308,26
5309,41
5310,40
5311,36
5312,28
5313,25
5314,42
5315,32
5316,32
5317,37
5318,39
5319,49
5320,28
5321,24
5322,19
5323,31
5324,40
5325,29
5326,59
5327,52
5328,27
5329,45
5330,58
5331,53
5332,23
5333,35
5334,49
5335,49
5336,25
5337,47
5338,28
5339,20
5340,74
5341,19
5342,28
5343,31
5344,61
5345,30
5346,20
5347,35
5348,23
5349,25
5350,19
5351,30
5352,26
5353,34
5354,49
5355,35
5356,38
5357,36
5358,33
5359,54
5360,19
5361,18
5362,60
5363,28
5364,43
5365,49
5366,25
5367,17
5368,41
5369,30
5370,90
5371,25
5372,27
5373,29
5374,55
5375,31
5376,43
5377,63
5378,46
5379,59
5380,42
5381,26
5382,26
5383,20
5384,19
5385,61
5386,23
5387,24
5388,35
5389,42
5390,31
5391,31
5392,63
5393,29
5394,43
5395,22
5396,17
5397,23
5398,35
5399,32
5400,50
5401,25
5402,26
5403,32
5404,29
5405,57
5406,90
5407,35
5408,31
5409,60
5410,21
5411,71
5412,22
5413,50
5414,37
5415,23
5416,74
5417,67
5418,59
5419,28
5420,45
5421,63
5422,39
5423,33
5424,32
5425,34
5426,39
5427,29
5428,22
5429,53
5430,46
5431,51
5432,44
5433,56
5434,27
5435,52
5436,39
5437,45
5438,37
5439,33
5440,35
5441,46
5442,35
5443,33
5444,48
5445,32
5446,18
5447,20
5448,35
5449,19
5450,21
5451,56
5452,28
5453,45
5454,32
5455,44
5456,55
5457,34
5458,33
5459,36
5460,25
5461,28
5462,39
5463,53
5464,47
5465,49
5466,22
5467,31
5468,44
5469,19
5470,37
5471,60
5472,23
5473,44
5474,54
5475,23
5476,21
5477,19
5478,51
5479,41
5480,61
5481,19
5482,22
5483,22
5484,49
5485,35
5486,38
5487,29
5488,56
5489,41
5490,62
5491,27
5492,55
5493,25
5494,33
5495,26
5496,43
5497,53
5498,43
5499,56
5500,25
5501,60
5502,28
5503,21
5504,40
5505,29
5506,20
5507,25
5508,18
5509,32
5510,27
5511,48
5512,20
5513,55
5514,33
5515,21
5516,43
5517,35
5518,39
5519,19
5520,25
5521,44
5522,27
5523,39
5524,69
5525,34
5526,20
5527,37
5528,43
5529,62
5530,34
5531,31
5532,42
5533,26
5534,39
5535,25
5536,54
5537,44
5538,34
5539,21
5540,50
5541,33
5542,40
5543,44
5544,33
5545,21
5546,35
5547,43
5548,57
5549,51
5550,29
5551,51
5552,35
5553,18
5554,58
5555,57
5556,19
5557,37
5558,38
5559,45
5560,27
5561,64
5562,38
5563,30
5564,46
5565,18
5566,60
5567,30
5568,47
5569,39
5570,42
5571,27
5572,44
5573,33
5574,54
5575,58
5576,45
5577,59
5578,29
5579,27
5580,44
5581,44
5582,33
5583,27
5584,33
5585,55
5586,32
5587,31
5588,57
5589,30
5590,78
5591,28
5592,30
5593,29
5594,66
5595,60
5596,31
5597,26
5598,24
5599,29
5600,44
5601,34
5602,59
5603,23
5604,23
5605,55
5606,39
5607,39
5608,57
5609,35
5610,39
5611,47
5612,53
5613,23
5614,35
5615,44
5616,28
5617,26
5618,23
5619,32
5620,49
5621,36
5622,36
5623,41
5624,21
5625,54
5626,43
5627,35
5628,31
5629,46
5630,46
5631,56
5632,45
5633,21
5634,51
5635,47
5636,42
5637,19
5638,25
5639,37
5640,35
5641,40
5642,57
5643,38
5644,48
5645,34
5646,46
5647,30
5648,45
5649,32
5650,35
5651,62
5652,56
5653,50
5654,25
5655,41
5656,35
5657,33
5658,38
5659,37
5660,56
5661,19
5662,31
5663,53
5664,33
5665,72
5666,54
5667,30
5668,51
5669,30
5670,30
5671,32
5672,30
5673,35
5674,40
5675,38
5676,19
5677,32
5678,49
5679,76
5680,60
5681,60
5682,55
5683,41
5684,24
5685,53
5686,69
5687,71
5688,41
5689,32
5690,45
5691,59
5692,31
5693,40
5694,44
5695,63
5696,31
5697,51
5698,51
5699,23
5700,49
5701,56
5702,39
5703,39
5704,30
5705,43
5706,31
5707,44
5708,43
5709,37
5710,41
5711,43
5712,47
5713,38
5714,46
5715,19
5716,19
5717,24
5718,39
5719,37
5720,28
5721,40
5722,27
5723,22
5724,21
5725,32
5726,20
5727,45
5728,46
5729,46
5730,26
5731,47
5732,22
5733,34
5734,49
5735,20
5736,28
5737,30
5738,23
5739,20
5740,31
5741,46
5742,42
5743,60
5744,30
5745,27
5746,20
5747,56
5748,41
5749,61
5750,47
5751,60
5752,33
5753,40
5754,48
5755,56
5756,50
5757,57
5758,20
5759,46
5760,21
5761,37
5762,42
5763,20
5764,54
5765,32
5766,62
5767,50
5768,49
5769,48
5770,24
5771,46
5772,42
5773,52
5774,58
5775,37
5776,34
5777,26
5778,18
5779,33
5780,41
5781,21
5782,23
5783,26
5784,33
5785,24
5786,43
5787,52
5788,27
5789,61
5790,35
5791,35
5792,45
5793,43
5794,51
5795,35
5796,47
5797,22
5798,49
5799,20
5800,19
5801,27
5802,42
5803,27
5804,23
5805,20
5806,47
5807,17
5808,76
5809,39
5810,25
5811,31
5812,44
5813,53
5814,34
5815,45
5816,34
5817,35
5818,36
5819,45
5820,37
5821,53
5822,35
5823,38
5824,65
5825,49
5826,24
5827,54
5828,17
5829,19
5830,60
5831,46
5832,78
5833,26
5834,58
5835,37
5836,41
5837,30
5838,19
5839,48
5840,22
5841,50
5842,25
5843,18
5844,21
5845,47
5846,33
5847,39
5848,67
5849,19
5850,18
5851,36
5852,23
5853,25
5854,40
5855,73
5856,35
5857,31
5858,20
5859,20
5860,27
5861,66
5862,66
5863,64
5864,48
5865,24
5866,51
5867,25
5868,33
5869,50
5870,51
5871,34
5872,41
5873,30
5874,59
5875,41
5876,36
5877,37
5878,28
5879,19
5880,28
5881,62
5882,36
5883,58
5884,42
5885,43
5886,29
5887,32
5888,64
5889,39
5890,26
5891,19
5892,21
5893,32
5894,30
5895,26
5896,20
5897,19
5898,33
5899,23
5900,29
5901,42
5902,30
5903,63
5904,34
5905,60
5906,48
5907,25
5908,27
5909,55
5910,32
5911,22
5912,25
5913,18
5914,24
5915,29
5916,73
5917,39
5918,33
5919,57
5920,22
5921,33
5922,33
5923,42
5924,43
5925,57
5926,42
5927,22
5928,21
5929,42
5930,39
5931,41
5932,20
5933,47
5934,44
5935,29
5936,52
5937,71
5938,52
5939,36
5940,53
5941,37
5942,26
5943,34
5944,35
5945,20
5946,34
5947,56
5948,39
5949,24
5950,24
5951,23
5952,27
5953,25
5954,29
5955,42
5956,51
5957,31
5958,59
5959,29
5960,18
5961,24
5962,38
5963,36
5964,34
5965,42
5966,45
5967,21
5968,64
5969,32
5970,45
5971,53
5972,42
5973,32
5974,49
5975,62
5976,28
5977,29
5978,32
5979,37
5980,38
5981,44
5982,19
5983,22
5984,24
5985,58
5986,56
5987,37
5988,43
5989,32
5990,34
5991,44
5992,28
5993,35
5994,38
5995,26
5996,20
5997,24
5998,40
5999,23
6000,79
6001,44
6002,51
6003,30
6004,52
6005,41
6006,33
6007,50
6008,51
6009,41
6010,35
6011,34
6012,28
6013,31
6014,22
6015,67
6016,65
6017,39
6018,23
6019,29
6020,57
6021,47
6022,51
6023,34
6024,52
6025,29
6026,29
6027,25
6028,21
6029,38
6030,55
6031,61
6032,34
6033,41
6034,27
6035,78
6036,40
6037,26
6038,43
6039,55
6040,25
6041,26
6042,43
6043,25
6044,22
6045,52
6046,61
6047,42
6048,21
6049,44
6050,65
6051,56
6052,33
6053,22
6054,43
6055,45
6056,42
6057,37
6058,56
6059,35
6060,40
6061,31
6062,26
6063,26
6064,42
6065,45
6066,47
6067,22
6068,33
6069,37
6070,48
6071,57
6072,47
6073,58
6074,55
6075,52
6076,29
6077,42
6078,23
6079,23
6080,46
6081,30
6082,43
6083,25
6084,32
6085,56
6086,33
6087,19
6088,20
6089,34
6090,34
6091,55
6092,55
6093,31
6094,30
6095,31
6096,51
6097,59
6098,58
6099,40
6100,54
6101,25
6102,18
6103,41
6104,57
6105,37
6106,46
6107,39
6108,19
6109,41
6110,54
6111,39
6112,41
6113,26
6114,57
6115,33
6116,56
6117,60
6118,22
6119,58
6120,48
6121,45
6122,18
6123,56
6124,48
6125,40
6126,38
6127,58
6128,23
6129,63
6130,51
6131,22
6132,44
6133,46
6134,64
6135,32
6136,31
6137,36
6138,21
6139,30
6140,31
6141,54
6142,59
6143,28
6144,57
6145,44
6146,53
6147,58
6148,19
6149,39
6150,31
6151,27
6152,46
6153,37
6154,27
6155,33
6156,20
6157,55
6158,39
6159,41
6160,30
6161,39
6162,28
6163,25
6164,31
6165,51
6166,24
6167,70
6168,23
6169,61
6170,45
6171,47
6172,56
6173,79
6174,20
6175,30
6176,27
6177,40
6178,60
6179,58
6180,71
6181,50
6182,29
6183,33
6184,60
6185,33
6186,43
6187,33
6188,33
6189,32
6190,21
6191,38
6192,38
6193,39
6194,17
6195,21
6196,42
6197,42
6198,36
6199,32
6200,37
6201,28
6202,37
6203,50
6204,49
6205,40
6206,40
6207,49
6208,35
6209,33
6210,24
6211,41
6212,43
6213,36
6214,84
6215,23
6216,41
6217,55
6218,30
6219,46
6220,55
6221,34
6222,54
6223,27
6224,52
6225,36
6226,25
6227,52
6228,24
6229,36
6230,31
6231,66
6232,90
6233,67
6234,22
6235,47
6236,32
6237,55
6238,32
6239,48
6240,21
6241,33
6242,27
6243,47
6244,18
6245,44
6246,23
6247,18
6248,56
6249,24
6250,43
6251,23
6252,26
6253,42
6254,23
6255,53
6256,51
6257,40
6258,27
6259,24
6260,42
6261,41
6262,23
6263,42
6264,38
6265,63
6266,31
6267,18
6268,21
6269,24
6270,55
6271,20
6272,31
6273,23
6274,35
6275,51
6276,19
6277,38
6278,52
6279,70
6280,53
6281,59
6282,39
6283,18
6284,41
6285,19
6286,24
6287,25
6288,32
6289,34
6290,35
6291,50
6292,18
6293,37
6294,30
6295,40
6296,22
6297,50
6298,70
6299,43
6300,77
6301,30
6302,33
6303,51
6304,58
6305,22
6306,33
6307,27
6308,35
6309,32
6310,41
6311,37
6312,17
6313,50
6314,31
6315,54
6316,23
6317,40
6318,29
6319,38
6320,30
6321,20
6322,43
6323,25
6324,39
6325,48
6326,41
6327,24
6328,20
6329,25
6330,57
6331,39
6332,66
6333,34
6334,36
6335,46
6336,42
6337,46
6338,34
6339,43
6340,42
6341,31
6342,70
6343,32
6344,46
6345,42
6346,21
6347,24
6348,23
6349,50
6350,37
6351,19
6352,44
6353,29
6354,30
6355,36
6356,49
6357,29
6358,45
6359,75
6360,42
6361,37
6362,51
6363,61
6364,33
6365,50
6366,59
6367,25
6368,22
6369,56
6370,44
6371,35
6372,57
6373,47
6374,27
6375,50
6376,30
6377,46
6378,48
6379,61
6380,33
6381,40
6382,58
6383,46
6384,35
6385,51
6386,37
6387,64
6388,41
6389,18
6390,44
6391,41
6392,33
6393,37
6394,34
6395,24
6396,20
6397,38
6398,28
6399,20
6400,22
6401,55
6402,20
6403,26
6404,20
6405,40
6406,33
6407,54
6408,24
6409,25
6410,18
6411,49
6412,17
6413,34
6414,37
6415,49
6416,74
6417,37
6418,20
6419,40
6420,34
6421,30
6422,44
6423,40
6424,58
6425,44
6426,42
6427,39
6428,19
6429,41
6430,29
6431,34
6432,38
6433,27
6434,54
6435,40
6436,19
6437,17
6438,33
6439,80
6440,24
6441,28
6442,55
6443,21
6444,51
6445,19
6446,42
6447,60
6448,20
6449,51
6450,21
6451,37
6452,26
6453,42
6454,40
6455,55
6456,33
6457,62
6458,47
6459,26
6460,59
6461,70
6462,26
6463,47
6464,25
6465,52
6466,46
6467,67
6468,34
6469,53
6470,22
6471,39
6472,54
6473,24
6474,37
6475,38
6476,41
6477,36
6478,43
6479,39
6480,26
6481,49
6482,37
6483,43
6484,54
6485,53
6486,57
6487,28
6488,29
6489,21
6490,51
6491,46
6492,50
6493,50
6494,36
6495,31
6496,20
6497,36
6498,38
6499,37
6500,39
6501,18
6502,33
6503,35
6504,23
6505,37
6506,25
6507,51
6508,35
6509,54
6510,66
6511,32
6512,37
6513,29
6514,45
6515,61
6516,40
6517,24
6518,49
6519,51
6520,34
6521,28
6522,20
6523,30
6524,49
6525,26
6526,63
6527,36
6528,63
6529,22
6530,40
6531,31
6532,49
6533,35
6534,23
6535,25
6536,34
6537,28
6538,44
6539,33
6540,21
6541,55
6542,17
6543,75
6544,61
6545,53
6546,26
6547,48
6548,28
6549,30
6550,29
6551,25
6552,37
6553,43
6554,40
6555,34
6556,55
6557,31
6558,21
6559,32
6560,26
6561,26
6562,44
6563,49
6564,21
6565,26
6566,40
6567,19
6568,58
6569,61
6570,28
6571,26
6572,64
6573,42
6574,41
6575,45
6576,39
6577,41
6578,51
6579,34
6580,33
6581,23
6582,35
6583,41
6584,39
6585,41
6586,33
6587,22
6588,25
6589,25
6590,77
6591,33
6592,66
6593,19
6594,44
6595,45
6596,28
6597,19
6598,43
6599,39
6600,33
6601,44
6602,62
6603,40
6604,41
6605,23
6606,48
6607,38
6608,37
6609,45
6610,29
6611,66
6612,19
6613,23
6614,34
6615,39
6616,33
6617,43
6618,27
6619,33
6620,26
6621,56
6622,46
6623,38
6624,90
6625,72
6626,20
6627,29
6628,49
6629,23
6630,20
6631,57
6632,46
6633,33
6634,24
6635,49
6636,54
6637,46
6638,31
6639,43
6640,18
6641,19
6642,46
6643,43
6644,58
6645,43
6646,37
6647,21
6648,52
6649,34
6650,28
6651,34
6652,29
6653,39
6654,49
6655,35
6656,31
6657,18
6658,47
6659,46
6660,43
6661,51
6662,21
6663,18
6664,31
6665,39
6666,58
6667,36
6668,38
6669,31
6670,19
6671,38
6672,26
6673,38
6674,36
6675,40
6676,25
6677,41
6678,33
6679,63
6680,51
6681,34
6682,33
6683,25
6684,30
6685,19
6686,47
6687,26
6688,21
6689,36
6690,60
6691,28
6692,19
6693,42
6694,36
6695,35
6696,22
6697,54
6698,36
6699,55
6700,57
6701,56
6702,24
6703,35
6704,51
6705,34
6706,36
6707,51
6708,46
6709,42
6710,25
6711,22
6712,37
6713,48
6714,61
6715,40
6716,58
6717,52
6718,18
6719,27
6720,48
6721,63
6722,38
6723,31
6724,40
6725,41
6726,28
6727,31
6728,32
6729,30
6730,39
6731,28
6732,31
6733,21
6734,33
6735,44
6736,22
6737,42
6738,36
6739,39
6740,61
6741,31
6742,21
6743,39
6744,34
6745,21
6746,75
6747,21
6748,81
6749,54
6750,34
6751,54
6752,41
6753,61
6754,63
6755,24
6756,20
6757,44
6758,47
6759,31
6760,41
6761,53
6762,63
6763,44
6764,37
6765,28
6766,71
6767,57
6768,22
6769,33
6770,30
6771,20
6772,28
6773,54
6774,20
6775,34
6776,21
6777,29
6778,51
6779,39
6780,19
6781,22
6782,59
6783,18
6784,22
6785,42
6786,39
6787,31
6788,28
6789,22
6790,67
6791,17
6792,47
6793,23
6794,20
6795,22
6796,47
6797,49
6798,64
6799,35
6800,52
6801,29
6802,73
6803,38
6804,59
6805,35
6806,18
6807,24
6808,33
6809,40
6810,55
6811,44
6812,40
6813,22
6814,55
6815,45
6816,47
6817,56
6818,44
6819,32
6820,17
6821,44
6822,32
6823,35
6824,27
6825,32
6826,68
6827,20
6828,33
6829,24
6830,48
6831,45
6832,48
6833,28
6834,60
6835,39
6836,23
6837,23
6838,36
6839,25
6840,52
6841,35
6842,41
6843,45
6844,37
6845,58
6846,67
6847,48
6848,63
6849,24
6850,43
6851,36
6852,32
6853,36
6854,43
6855,27
6856,17
6857,45
6858,41
6859,41
6860,18
6861,48
6862,51
6863,26
6864,54
6865,22
6866,19
6867,47
6868,32
6869,46
6870,30
6871,35
6872,52
6873,73
6874,17
6875,32
6876,43
6877,19
6878,26
6879,41
6880,49
6881,52
6882,35
6883,57
6884,35
6885,33
6886,56
6887,42
6888,17
6889,49
6890,39
6891,34
6892,37
6893,22
6894,27
6895,21
6896,59
6897,44
6898,53
6899,26
6900,48
6901,39
6902,34
6903,54
6904,36
6905,60
6906,50
6907,48
6908,35
6909,40
6910,30
6911,65
6912,31
6913,46
6914,67
6915,62
6916,38
6917,24
6918,24
6919,27
6920,43
6921,48
6922,41
6923,30
6924,38
6925,45
6926,45
6927,55
6928,46
6929,24
6930,31
6931,35
6932,37
6933,29
6934,56
6935,60
6936,25
6937,33
6938,44
6939,21
6940,21
6941,46
6942,44
6943,63
6944,44
6945,31
6946,26
6947,37
6948,60
6949,33
6950,38
6951,26
6952,46
6953,24
6954,47
6955,27
6956,46
6957,47
6958,47
6959,69
6960,32
6961,51
6962,36
6963,50
6964,29
6965,32
6966,27
6967,60
6968,31
6969,46
6970,40
6971,39
6972,69
6973,54
6974,56
6975,47
6976,25
6977,34
6978,24
6979,63
6980,29
6981,64
6982,44
6983,26
6984,36
6985,55
6986,37
6987,37
6988,63
6989,33
6990,19
6991,57
6992,31
6993,20
6994,58
6995,20
6996,25
6997,40
6998,18
6999,26
7000,29
7001,45
7002,35
7003,32
7004,61
7005,26
7006,56
7007,22
7008,49
7009,40
7010,37
7011,23
7012,28
7013,27
7014,34
7015,49
7016,41
7017,28
7018,38
7019,47
7020,28
7021,44
7022,41
7023,50
7024,73
7025,21
7026,38
7027,64
7028,47
7029,52
7030,24
7031,44
7032,27
7033,61
7034,58
7035,51
7036,49
7037,23
7038,19
7039,21
7040,56
7041,35
7042,37
7043,41
7044,30
7045,35
7046,47
7047,59
7048,55
7049,22
7050,31
7051,30
7052,24
7053,49
7054,23
7055,50
7056,38
7057,20
7058,49
7059,45
7060,46
7061,19
7062,31
7063,38
7064,56
7065,24
7066,58
7067,28
7068,22
7069,46
7070,30
7071,56
7072,32
7073,56
7074,50
7075,28
7076,30
7077,24
7078,42
7079,31
7080,18
7081,46
7082,31
7083,38
7084,44
7085,55
7086,19
7087,45
7088,50
7089,53
7090,41
7091,45
7092,21
7093,37
7094,42
7095,37
7096,46
7097,45
7098,32
7099,30
7100,57
7101,37
7102,18
7103,32
7104,43
7105,46
7106,36
7107,33
7108,48
7109,34
7110,34
7111,33
7112,36
7113,23
7114,39
7115,22
7116,19
7117,47
7118,46
7119,47
7120,47
7121,52
7122,38
7123,58
7124,32
7125,54
7126,20
7127,25
7128,25
7129,36
7130,69
7131,28
7132,20
7133,21
7134,37
7135,21
7136,25
7137,39
7138,34
7139,33
7140,47
7141,29
7142,48
7143,42
7144,29
7145,34
7146,20
7147,41
7148,45
7149,22
7150,23
7151,19
7152,24
7153,20
7154,32
7155,52
7156,36
7157,18
7158,27
7159,26
7160,52
7161,24
7162,42
7163,39
7164,20
7165,20
7166,39
7167,68
7168,35
7169,54
7170,24
7171,24
7172,20
7173,64
7174,28
7175,36
7176,44
7177,38
7178,22
7179,56
7180,24
7181,24
7182,22
7183,21
7184,42
7185,41
7186,19
7187,67
7188,20
7189,32
7190,46
7191,52
7192,44
7193,65
7194,37
7195,27
7196,35
7197,30
7198,64
7199,48
7200,35
7201,28
7202,63
7203,40
7204,33
7205,40
7206,25
7207,45
7208,30
7209,53
7210,63
7211,27
7212,31
7213,33
7214,39
7215,42
7216,19
7217,31
7218,53
7219,47
7220,27
7221,22
7222,29
7223,52
7224,32
7225,23
7226,27
7227,53
7228,18
7229,41
7230,27
7231,30
7232,41
7233,21
7234,58
7235,45
7236,40
7237,21
7238,29
7239,50
7240,26
7241,23
7242,27
7243,36
7244,22
7245,37
7246,54
7247,36
7248,44
7249,38
7250,49
7251,18
7252,26
7253,48
7254,32
7255,35
7256,40
7257,40
7258,42
7259,30
7260,19
7261,36
7262,31
7263,50
7264,38
7265,35
7266,45
7267,29
7268,41
7269,33
7270,49
7271,28
7272,49
7273,27
7274,47
7275,42
7276,30
7277,37
7278,37
7279,51
7280,27
7281,53
7282,45
7283,37
7284,40
7285,54
7286,47
7287,35
7288,33
7289,28
7290,39
7291,25
7292,33
7293,34
7294,53
7295,21
7296,31
7297,63
7298,21
7299,59
7300,50
7301,66
7302,19
7303,31
7304,23
7305,45
7306,35
7307,32
7308,20
7309,38
7310,49
7311,64
7312,60
7313,25
7314,21
7315,26
7316,23
7317,67
7318,24
7319,46
7320,38
7321,20
7322,28
7323,26
7324,58
7325,31
7326,37
7327,53
7328,45
7329,33
7330,33
7331,35
7332,60
7333,21
7334,38
7335,40
7336,40
7337,44
7338,27
7339,34
7340,20
7341,49
7342,37
7343,52
7344,46
7345,20
7346,43
7347,46
7348,25
7349,48
7350,36
7351,37
7352,18
7353,42
7354,60
7355,37
7356,44
7357,32
7358,29
7359,42
7360,17
7361,41
7362,34
7363,56
7364,28
7365,28
7366,19
7367,49
7368,36
7369,25
7370,42
7371,47
7372,26
7373,35
7374,37
7375,39
7376,42
7377,41
7378,23
7379,31
7380,36
7381,20
7382,36
7383,50
7384,37
7385,25
7386,39
7387,32
7388,59
7389,29
7390,50
7391,42
7392,32
7393,48
7394,20
7395,50
7396,18
7397,60
7398,60
7399,42
7400,49
7401,35
7402,30
7403,59
7404,24
7405,55
7406,19
7407,39
7408,48
7409,44
7410,21
7411,23
7412,22
7413,55
7414,19
7415,23
7416,46
7417,23
7418,47
7419,23
7420,42
7421,22
7422,18
7423,37
7424,34
7425,30
7426,62
7427,51
7428,34
7429,28
7430,56
7431,46
7432,46
7433,23
7434,33
7435,27
7436,21
7437,18
7438,36
7439,37
7440,39
7441,36
7442,24
7443,26
7444,37
7445,34
7446,33
7447,33
7448,20
7449,26
7450,47
7451,17
7452,53
7453,31
7454,34
7455,23
7456,39
7457,22
7458,21
7459,40
7460,54
7461,32
7462,29
7463,68
7464,27
7465,54
7466,23
7467,38
7468,54
7469,21
7470,40
7471,19
7472,21
7473,35
7474,39
7475,38
7476,41
7477,26
7478,35
7479,70
7480,45
7481,83
7482,59
7483,18
7484,31
7485,43
7486,24
7487,33
7488,48
7489,27
7490,41
7491,25
7492,53
7493,66
7494,31
7495,30
7496,22
7497,47
7498,74
7499,37
7500,35
7501,51
7502,40
7503,51
7504,26
7505,53
7506,32
7507,29
7508,42
7509,22
7510,62
7511,33
7512,21
7513,46
7514,25
7515,29
7516,29
7517,33
7518,50
7519,22
7520,40
7521,28
7522,54
7523,29
7524,49
7525,46
7526,71
7527,27
7528,56
7529,64
7530,23
7531,36
7532,39
7533,26
7534,31
7535,36
7536,43
7537,25
7538,27
7539,24
7540,50
7541,30
7542,24
7543,41
7544,29
7545,31
7546,54
7547,20
7548,37
7549,28
7550,39
7551,46
7552,35
7553,36
7554,34
7555,44
7556,34
7557,28
7558,38
7559,64
7560,19
7561,35
7562,61
7563,45
7564,36
7565,34
7566,27
7567,22
7568,26
7569,19
7570,36
7571,51
7572,63
7573,51
7574,20
7575,42
7576,40
7577,25
7578,40
7579,41
7580,49
7581,46
7582,32
7583,28
7584,19
7585,19
7586,18
7587,39
7588,60
7589,46
7590,38
7591,36
7592,45
7593,60
7594,30
7595,22
7596,23
7597,48
7598,46
7599,43
7600,25
7601,50
7602,61
7603,35
7604,65
7605,56
7606,43
7607,55
7608,22
7609,40
7610,35
7611,22
7612,20
7613,46
7614,43
7615,46
7616,39
7617,34
7618,35
7619,30
7620,25
7621,44
7622,35
7623,41
7624,43
7625,32
7626,50
7627,20
7628,29
7629,38
7630,20
7631,41
7632,27
7633,37
7634,62
7635,31
7636,49
7637,33
7638,31
7639,19
7640,44
7641,31
7642,62
7643,65
7644,17
7645,60
7646,31
7647,29
7648,53
7649,44
7650,43
7651,40
7652,18
7653,47
7654,38
7655,37
7656,40
7657,57
7658,43
7659,32
7660,64
7661,18
7662,40
7663,17
7664,23
7665,45
7666,45
7667,27
7668,23
7669,58
7670,35
7671,47
7672,33
7673,27
7674,46
7675,24
7676,40
7677,44
7678,31
7679,37
7680,23
7681,30
7682,31
7683,24
7684,32
7685,27
7686,35
7687,27
7688,30
7689,33
7690,34
7691,29
7692,26
7693,39
7694,37
7695,51
7696,40
7697,53
7698,58
7699,29
7700,33
7701,57
7702,69
7703,20
7704,56
7705,49
7706,34
7707,70
7708,44
7709,37
7710,58
7711,42
7712,41
7713,28
7714,47
7715,24
7716,58
7717,18
7718,50
7719,69
7720,84
7721,47
7722,19
7723,24
7724,48
7725,53
7726,58
7727,22
7728,36
7729,34
7730,43
7731,37
7732,43
7733,42
7734,21
7735,49
7736,35
7737,49
7738,28
7739,51
7740,30
7741,19
7742,56
7743,20
7744,22
7745,33
7746,54
7747,22
7748,68
7749,56
7750,23
7751,69
7752,41
7753,33
7754,18
7755,17
7756,31
7757,50
7758,62
7759,41
7760,20
7761,23
7762,18
7763,53
7764,42
7765,23
7766,43
7767,47
7768,53
7769,28
7770,28
7771,44
7772,58
7773,25
7774,26
7775,36
7776,27
7777,39
7778,25
7779,17
7780,39
7781,52
7782,24
7783,26
7784,24
7785,32
7786,49
7787,20
7788,40
7789,52
7790,33
7791,19
7792,37
7793,21
7794,33
7795,28
7796,48
7797,43
7798,32
7799,28
7800,47
7801,37
7802,26
7803,55
7804,40
7805,31
7806,39
7807,54
7808,38
7809,53
7810,27
7811,42
7812,62
7813,47
7814,26
7815,33
7816,59
7817,42
7818,25
7819,58
7820,30
7821,21
7822,61
7823,33
7824,51
7825,70
7826,55
7827,29
7828,46
7829,35
7830,31
7831,37
7832,43
7833,23
7834,41
7835,42
7836,26
7837,45
7838,25
7839,33
7840,38
7841,28
7842,68
7843,42
7844,35
7845,36
7846,33
7847,22
7848,45
7849,24
7850,57
7851,36
7852,41
7853,26
7854,25
7855,53
7856,28
7857,30
7858,38
7859,37
7860,30
7861,41
7862,29
7863,31
7864,36
7865,59
7866,33
7867,29
7868,49
7869,50
7870,33
7871,28
7872,81
7873,24
7874,32
7875,47
7876,44
7877,24
7878,37
7879,51
7880,52
7881,22
7882,28
7883,47
7884,43
7885,25
7886,43
7887,25
7888,59
7889,29
7890,30
7891,24
7892,38
7893,37
7894,26
7895,30
7896,73
7897,30
7898,33
7899,46
7900,40
7901,18
7902,35
7903,22
7904,50
7905,62
7906,39
7907,22
7908,33
7909,31
7910,29
7911,38
7912,24
7913,29
7914,49
7915,33
7916,28
7917,22
7918,37
7919,30
7920,49
7921,29
7922,25
7923,36
7924,36
7925,21
7926,18
7927,30
7928,44
7929,40
7930,43
7931,45
7932,29
7933,40
7934,43
7935,20
7936,32
7937,19
7938,21
7939,23
7940,24
7941,52
7942,51
7943,19
7944,54
7945,50
7946,29
7947,17
7948,47
7949,46
7950,30
7951,58
7952,48
7953,23
7954,23
7955,45
7956,20
7957,26
7958,50
7959,49
7960,26
7961,47
7962,31
7963,19
7964,23
7965,35
7966,46
7967,28
7968,58
7969,21
7970,50
7971,30
7972,31
7973,31
7974,35
7975,33
7976,34
7977,67
7978,37
7979,48
7980,34
7981,24
7982,55
7983,50
7984,40
7985,33
7986,51
7987,30
7988,41
7989,47
7990,27
7991,37
7992,40
7993,36
7994,37
7995,38
7996,40
7997,35
7998,47
7999,20
8000,33
8001,45
8002,66
8003,35
8004,32
8005,23
8006,19
8007,44
8008,20
8009,44
8010,41
8011,19
8012,48
8013,45
8014,40
8015,34
8016,20
8017,33
8018,30
8019,23
8020,34
8021,48
8022,32
8023,42
8024,22
8025,60
8026,42
8027,45
8028,47
8029,29
8030,34
8031,34
8032,39
8033,29
8034,42
8035,48
8036,53
8037,51
8038,44
8039,46
8040,51
8041,32
8042,22
8043,24
8044,33
8045,47
8046,64
8047,62
8048,52
8049,39
8050,42
8051,38
8052,55
8053,29
8054,42
8055,30
8056,32
8057,36
8058,50
8059,27
8060,47
8061,33
8062,48
8063,23
8064,31
8065,26
8066,61
8067,50
8068,49
8069,57
8070,19
8071,18
8072,44
8073,54
8074,35
8075,27
8076,50
8077,43
8078,28
8079,47
8080,21
8081,30
8082,19
8083,40
8084,55
8085,67
8086,31
8087,30
8088,54
8089,51
8090,34
8091,59
8092,50
8093,29
8094,17
8095,24
8096,52
8097,39
8098,18
8099,32
8100,25
8101,34
8102,44
8103,37
8104,39
8105,32
8106,23
8107,45
8108,30
8109,20
8110,41
8111,21
8112,48
8113,31
8114,34
8115,25
8116,41
8117,35
8118,42
8119,34
8120,44
8121,32
8122,25
8123,23
8124,36
8125,53
8126,27
8127,27
8128,57
8129,17
8130,59
8131,34
8132,30
8133,31
8134,18
8135,23
8136,19
8137,20
8138,52
8139,39
8140,27
8141,19
8142,38
8143,19
8144,34
8145,41
8146,23
8147,24
8148,24
8149,22
8150,45
8151,45
8152,48
8153,42
8154,35
8155,32
8156,51
8157,59
8158,31
8159,27
8160,29
8161,57
8162,40
8163,31
8164,23
8165,42
8166,60
8167,53
8168,20
8169,27
8170,31
8171,29
8172,22
8173,42
8174,63
8175,28
8176,79
8177,39
8178,29
8179,60
8180,58
8181,20
8182,44
8183,47
8184,59
8185,37
8186,21
8187,68
8188,43
8189,23
8190,23
8191,40
8192,45
8193,34
8194,22
8195,38
8196,24
8197,23
8198,39
8199,26
8200,24
8201,22
8202,36
8203,20
8204,18
8205,38
8206,43
8207,56
8208,42
8209,35
8210,31
8211,73
8212,32
8213,37
8214,66
8215,22
8216,51
8217,31
8218,65
8219,39
8220,48
8221,20
8222,28
8223,48
8224,29
8225,36
8226,35
8227,31
8228,48
8229,36
8230,40
8231,57
8232,26
8233,37
8234,65
8235,26
8236,42
8237,47
8238,62
8239,27
8240,76
8241,20
8242,29
8243,29
8244,32
8245,22
8246,30
8247,43
8248,23
8249,44
8250,41
8251,49
8252,30
8253,23
8254,39
8255,32
8256,50
8257,19
8258,35
8259,23
8260,25
8261,40
8262,30
8263,52
8264,49
8265,24
8266,46
8267,39
8268,45
8269,62
8270,43
8271,45
8272,62
8273,48
8274,56
8275,28
8276,23
8277,43
8278,26
8279,36
8280,55
8281,48
8282,43
8283,38
8284,18
8285,56
8286,39
8287,46
8288,36
8289,42
8290,50
8291,17
8292,57
8293,73
8294,50
8295,35
8296,27
8297,24
8298,27
8299,23
8300,25
8301,51
8302,26
8303,47
8304,40
8305,58
8306,25
8307,29
8308,36
8309,46
8310,69
8311,69
8312,28
8313,20
8314,54
8315,25
8316,64
8317,17
8318,53
8319,50
8320,57
8321,51
8322,20
8323,47
8324,25
8325,50
8326,20
8327,43
8328,46
8329,54
8330,53
8331,21
8332,58
8333,30
8334,61
8335,56
8336,59
8337,72
8338,33
8339,46
8340,46
8341,48
8342,33
8343,21
8344,27
8345,31
8346,28
8347,45
8348,51
8349,46
8350,25
8351,61
8352,17
8353,26
8354,35
8355,33
8356,37
8357,39
8358,42
8359,35
8360,45
8361,47
8362,64
8363,39
8364,43
8365,34
8366,62
8367,53
8368,31
8369,26
8370,56
8371,43
8372,33
8373,45
8374,46
8375,26
8376,24
8377,43
8378,40
8379,61
8380,34
8381,85
8382,41
8383,31
8384,22
8385,60
8386,29
8387,34
8388,35
8389,24
8390,45
8391,21
8392,30
8393,50
8394,41
8395,21
8396,45
8397,34
8398,28
8399,19
8400,26
8401,48
8402,69
8403,41
8404,43
8405,28
8406,65
8407,31
8408,28
8409,51
8410,45
8411,43
8412,31
8413,31
8414,45
8415,20
8416,25
8417,36
8418,31
8419,56
8420,26
8421,47
8422,40
8423,32
8424,34
8425,37
8426,38
8427,19
8428,49
8429,18
8430,26
8431,82
8432,40
8433,28
8434,23
8435,19
8436,67
8437,43
8438,41
8439,37
8440,20
8441,40
8442,47
8443,40
8444,39
8445,24
8446,78
8447,67
8448,49
8449,66
8450,52
8451,59
8452,72
8453,35
8454,30
8455,36
8456,26
8457,23
8458,39
8459,40
8460,29
8461,38
8462,63
8463,58
8464,30
8465,38
8466,25
8467,44
8468,43
8469,21
8470,41
8471,38
8472,75
8473,29
8474,52
8475,47
8476,28
8477,24
8478,30
8479,30
8480,40
8481,27
8482,26
8483,32
8484,36
8485,26
8486,25
8487,39
8488,27
8489,24
8490,38
8491,35
8492,29
8493,49
8494,36
8495,47
8496,21
8497,35
8498,38
8499,66
8500,45
8501,19
8502,18
8503,37
8504,49
8505,33
8506,27
8507,34
8508,54
8509,24
8510,44
8511,48
8512,23
8513,29
8514,21
8515,18
8516,18
8517,29
8518,29
8519,41
8520,32
8521,61
8522,79
8523,34
8524,46
8525,50
8526,29
8527,23
8528,64
8529,70
8530,28
8531,51
8532,20
8533,34
8534,29
8535,49
8536,77
8537,32
8538,27
8539,22
8540,35
8541,42
8542,35
8543,62
8544,33
8545,45
8546,19
8547,38
8548,26
8549,29
8550,33
8551,35
8552,42
8553,20
8554,43
8555,69
8556,39
8557,37
8558,28
8559,26
8560,32
8561,43
8562,49
8563,28
8564,35
8565,19
8566,35
8567,57
8568,45
8569,23
8570,45
8571,42
8572,35
8573,45
8574,28
8575,64
8576,44
8577,59
8578,41
8579,21
8580,29
8581,51
8582,22
8583,49
8584,53
8585,38
8586,23
8587,20
8588,40
8589,25
8590,27
8591,20
8592,37
8593,40
8594,28
8595,38
8596,42
8597,32
8598,20
8599,62
8600,31
8601,31
8602,24
8603,62
8604,43
8605,21
8606,30
8607,22
8608,18
8609,59
8610,24
8611,49
8612,19
8613,48
8614,32
8615,33
8616,23
8617,33
8618,50
8619,30
8620,32
8621,39
8622,21
8623,23
8624,32
8625,57
8626,22
8627,70
8628,34
8629,53
8630,21
8631,37
8632,60
8633,23
8634,32
8635,57
8636,65
8637,25
8638,30
8639,31
8640,19
8641,23
8642,44
8643,43
8644,42
8645,34
8646,32
8647,25
8648,21
8649,31
8650,36
8651,49
8652,44
8653,42
8654,30
8655,33
8656,36
8657,17
8658,20
8659,32
8660,33
8661,37
8662,60
8663,35
8664,43
8665,46
8666,29
8667,36
8668,27
8669,50
8670,22
8671,33
8672,61
8673,28
8674,41
8675,22
8676,27
8677,25
8678,32
8679,28
8680,25
8681,28
8682,37
8683,58
8684,39
8685,33
8686,59
8687,58
8688,38
8689,34
8690,31
8691,48
8692,65
8693,45
8694,80
8695,23
8696,33
8697,38
8698,44
8699,48
8700,40
8701,19
8702,45
8703,34
8704,70
8705,32
8706,33
8707,24
8708,30
8709,22
8710,52
8711,67
8712,40
8713,55
8714,29
8715,62
8716,22
8717,64
8718,29
8719,28
8720,25
8721,47
8722,26
8723,18
8724,52
8725,48
8726,36
8727,23
8728,41
8729,56
8730,53
8731,26
8732,22
8733,25
8734,31
8735,36
8736,46
8737,46
8738,32
8739,43
8740,30
8741,41
8742,50
8743,37
8744,22
8745,51
8746,47
8747,40
8748,46
8749,23
8750,30
8751,27
8752,31
8753,31
8754,30
8755,50
8756,27
8757,22
8758,29
8759,28
8760,54
8761,47
8762,34
8763,26
8764,53
8765,23
8766,42
8767,36
8768,52
8769,22
8770,27
8771,42
8772,39
8773,49
8774,36
8775,20
8776,55
8777,47
8778,33
8779,36
8780,39
8781,55
8782,21
8783,48
8784,30
8785,24
8786,57
8787,20
8788,18
8789,56
8790,36
8791,44
8792,57
8793,57
8794,33
8795,61
8796,39
8797,28
8798,31
8799,60
8800,36
8801,58
8802,50
8803,23
8804,30
8805,20
8806,90
8807,49
8808,47
8809,34
8810,37
8811,25
8812,37
8813,47
8814,34
8815,34
8816,35
8817,39
8818,32
8819,24
8820,28
8821,41
8822,69
8823,32
8824,58
8825,47
8826,41
8827,35
8828,24
8829,46
8830,69
8831,22
8832,36
8833,31
8834,23
8835,35
8836,37
8837,35
8838,18
8839,43
8840,53
8841,54
8842,29
8843,46
8844,24
8845,30
8846,23
8847,27
8848,36
8849,38
8850,33
8851,66
8852,45
8853,68
8854,37
8855,17
8856,31
8857,46
8858,40
8859,34
8860,56
8861,42
8862,46
8863,30
8864,33
8865,47
8866,57
8867,34
8868,40
8869,33
8870,22
8871,29
8872,53
8873,36
8874,45
8875,36
8876,18
8877,27
8878,30
8879,34
8880,36
8881,36
8882,48
8883,41
8884,21
8885,47
8886,41
8887,61
8888,64
8889,35
8890,44
8891,20
8892,23
8893,52
8894,43
8895,32
8896,63
8897,29
8898,42
8899,65
8900,24
8901,42
8902,35
8903,40
8904,38
8905,26
8906,46
8907,39
8908,29
8909,42
8910,36
8911,26
8912,57
8913,55
8914,35
8915,41
8916,24
8917,47
8918,34
8919,44
8920,18
8921,27
8922,36
8923,21
8924,29
8925,25
8926,73
8927,45
8928,28
8929,43
8930,47
8931,20
8932,22
8933,76
8934,24
8935,54
8936,30
8937,33
8938,30
8939,40
8940,27
8941,49
8942,30
8943,22
8944,19
8945,46
8946,51
8947,56
8948,53
8949,60
8950,27
8951,46
8952,37
8953,41
8954,65
8955,30
8956,57
8957,44
8958,32
8959,27
8960,57
8961,59
8962,32
8963,90
8964,22
8965,39
8966,43
8967,38
8968,61
8969,24
8970,25
8971,44
8972,55
8973,90
8974,30
8975,44
8976,36
8977,63
8978,60
8979,34
8980,49
8981,47
8982,42
8983,53
8984,23
8985,28
8986,20
8987,43
8988,32
8989,43
8990,31
8991,29
8992,24
8993,39
8994,29
8995,20
8996,23
8997,42
8998,53
8999,20
9000,58
9001,51
9002,25
9003,38
9004,41
9005,58
9006,25
9007,50
9008,32
9009,31
9010,22
9011,37
9012,32
9013,46
9014,62
9015,40
9016,56
9017,37
9018,41
9019,56
9020,20
9021,34
9022,45
9023,30
9024,51
9025,27
9026,38
9027,39
9028,57
9029,47
9030,77
9031,43
9032,46
9033,41
9034,20
9035,30
9036,30
9037,22
9038,25
9039,18
9040,28
9041,50
9042,28
9043,21
9044,37
9045,28
9046,23
9047,32
9048,27
9049,55
9050,44
9051,25
9052,29
9053,50
9054,18
9055,74
9056,22
9057,27
9058,27
9059,41
9060,24
9061,23
9062,34
9063,46
9064,32
9065,41
9066,29
9067,48
9068,51
9069,34
9070,58
9071,52
9072,37
9073,53
9074,54
9075,36
9076,25
9077,20
9078,23
9079,39
9080,20
9081,28
9082,73
9083,67
9084,56
9085,32
9086,42
9087,33
9088,37
9089,33
9090,31
9091,59
9092,21
9093,58
9094,24
9095,26
9096,26
9097,33
9098,25
9099,21
9100,24
9101,39
9102,68
9103,66
9104,38
9105,41
9106,71
9107,37
9108,54
9109,27
9110,49
9111,19
9112,25
9113,47
9114,40
9115,38
9116,25
9117,25
9118,23
9119,28
9120,29
9121,32
9122,34
9123,52
9124,33
9125,19
9126,68
9127,41
9128,18
9129,29
9130,40
9131,51
9132,49
9133,20
9134,38
9135,57
9136,35
9137,66
9138,27
9139,25
9140,77
9141,19
9142,70
9143,59
9144,25
9145,44
9146,37
9147,75
9148,21
9149,21
9150,47
9151,20
9152,32
9153,28
9154,53
9155,19
9156,58
9157,22
9158,23
9159,21
9160,36
9161,39
9162,34
9163,41
9164,72
9165,34
9166,51
9167,32
9168,38
9169,37
9170,21
9171,21
9172,26
9173,34
9174,18
9175,27
9176,20
9177,36
9178,31
9179,32
9180,54
9181,34
9182,46
9183,33
9184,32
9185,42
9186,30
9187,37
9188,28
9189,25
9190,44
9191,40
9192,36
9193,21
9194,39
9195,24
9196,46
9197,47
9198,47
9199,35
9200,60
9201,35
9202,33
9203,21
9204,37
9205,48
9206,58
9207,21
9208,22
9209,22
9210,28
9211,33
9212,23
9213,58
9214,24
9215,38
9216,49
9217,47
9218,50
9219,21
9220,55
9221,47
9222,19
9223,47
9224,36
9225,28
9226,42
9227,41
9228,46
9229,32
9230,34
9231,33
9232,60
9233,53
9234,24
9235,39
9236,23
9237,50
9238,36
9239,19
9240,26
9241,38
9242,41
9243,22
9244,38
9245,72
9246,39
9247,35
9248,38
9249,19
9250,26
9251,52
9252,41
9253,45
9254,58
9255,34
9256,36
9257,19
9258,26
9259,60
9260,35
9261,39
9262,27
9263,26
9264,17
9265,59
9266,53
9267,35
9268,34
9269,36
9270,36
9271,21
9272,29
9273,35
9274,59
9275,22
9276,50
9277,24
9278,36
9279,31
9280,42
9281,38
9282,52
9283,46
9284,23
9285,54
9286,27
9287,42
9288,33
9289,19
9290,59
9291,54
9292,48
9293,19
9294,45
9295,36
9296,35
9297,47
9298,33
9299,48
9300,42
9301,19
9302,64
9303,51
9304,20
9305,28
9306,52
9307,29
9308,51
9309,36
9310,43
9311,52
9312,50
9313,25
9314,36
9315,44
9316,47
9317,32
9318,37
9319,40
9320,34
9321,35
9322,26
9323,49
9324,63
9325,46
9326,31
9327,22
9328,20
9329,52
9330,26
9331,34
9332,31
9333,46
9334,22
9335,38
9336,35
9337,27
9338,27
9339,46
9340,40
9341,19
9342,69
9343,20
9344,34
9345,49
9346,27
9347,59
9348,45
9349,21
9350,51
9351,64
9352,41
9353,18
9354,49
9355,51
9356,20
9357,69
9358,18
9359,43
9360,50
9361,32
9362,27
9363,38
9364,62
9365,46
9366,19
9367,17
9368,21
9369,36
9370,36
9371,23
9372,58
9373,40
9374,64
9375,66
9376,42
9377,55
9378,53
9379,25
9380,39
9381,20
9382,32
9383,28
9384,23
9385,18
9386,43
9387,29
9388,32
9389,31
9390,60
9391,42
9392,46
9393,38
9394,18
9395,31
9396,54
9397,46
9398,27
9399,50
9400,38
9401,36
9402,25
9403,19
9404,60
9405,45
9406,21
9407,42
9408,38
9409,22
9410,19
9411,23
9412,24
9413,30
9414,62
9415,26
9416,42
9417,33
9418,54
9419,35
9420,33
9421,45
9422,62
9423,24
9424,50
9425,54
9426,58
9427,39
9428,32
9429,27
9430,27
9431,20
9432,64
9433,55
9434,46
9435,45
9436,26
9437,36
9438,25
9439,58
9440,39
9441,47
9442,35
9443,38
9444,50
9445,36
9446,28
9447,44
9448,40
9449,55
9450,29
9451,33
9452,19
9453,32
9454,45
9455,23
9456,31
9457,22
9458,59
9459,32
9460,49
9461,22
9462,26
9463,23
9464,55
9465,47
9466,44
9467,27
9468,40
9469,32
9470,20
9471,84
9472,40
9473,37
9474,44
9475,47
9476,62
9477,19
9478,47
9479,44
9480,26
9481,36
9482,52
9483,33
9484,48
9485,33
9486,25
9487,62
9488,38
9489,46
9490,18
9491,46
9492,38
9493,52
9494,63
9495,49
9496,17
9497,33
9498,70
9499,19
9500,27
9501,61
9502,33
9503,46
9504,29
9505,40
9506,43
9507,24
9508,29
9509,61
9510,48
9511,19
9512,30
9513,24
9514,39
9515,46
9516,40
9517,27
9518,25
9519,31
9520,58
9521,33
9522,40
9523,40
9524,31
9525,33
9526,49
9527,24
9528,46
9529,58
9530,20
9531,65
9532,43
9533,48
9534,41
9535,27
9536,52
9537,26
9538,52
9539,52
9540,19
9541,39
9542,47
9543,27
9544,48
9545,50
9546,60
9547,28
9548,47
9549,69
9550,40
9551,37
9552,41
9553,38
9554,46
9555,21
9556,44
9557,38
9558,47
9559,42
9560,42
9561,56
9562,32
9563,24
9564,26
9565,36
9566,49
9567,65
9568,73
9569,34
9570,22
9571,49
9572,25
9573,39
9574,19
9575,24
9576,34
9577,35
9578,21
9579,43
9580,35
9581,39
9582,48
9583,33
9584,19
9585,17
9586,43
9587,62
9588,53
9589,45
9590,47
9591,30
9592,53
9593,24
9594,41
9595,58
9596,27
9597,63
9598,50
9599,43
9600,29
9601,41
9602,55
9603,36
9604,23
9605,22
9606,58
9607,25
9608,40
9609,38
9610,37
9611,19
9612,55
9613,55
9614,28
9615,53
9616,32
9617,60
9618,32
9619,34
9620,49
9621,21
9622,24
9623,53
9624,29
9625,34
9626,52
9627,41
9628,21
9629,43
9630,31
9631,38
9632,42
9633,62
9634,51
9635,30
9636,24
9637,36
9638,57
9639,46
9640,33
9641,42
9642,62
9643,64
9644,18
9645,43
9646,62
9647,29
9648,43
9649,39
9650,69
9651,34
9652,44
9653,25
9654,47
9655,17
9656,41
9657,19
9658,57
9659,25
9660,37
9661,29
9662,32
9663,35
9664,52
9665,41
9666,29
9667,23
9668,31
9669,40
9670,19
9671,21
9672,37
9673,49
9674,64
9675,37
9676,70
9677,22
9678,29
9679,37
9680,29
9681,38
9682,27
9683,58
9684,60
9685,20
9686,51
9687,37
9688,22
9689,56
9690,26
9691,19
9692,37
9693,27
9694,27
9695,52
9696,45
9697,28
9698,20
9699,28
9700,44
9701,30
9702,26
9703,55
9704,46
9705,51
9706,25
9707,43
9708,19
9709,36
9710,36
9711,48
9712,30
9713,24
9714,30
9715,24
9716,62
9717,41
9718,49
9719,36
9720,47
9721,49
9722,52
9723,52
9724,26
9725,51
9726,18
9727,30
9728,46
9729,28
9730,48
9731,62
9732,49
9733,69
9734,35
9735,78
9736,61
9737,24
9738,29
9739,36
9740,17
9741,27
9742,64
9743,33
9744,32
9745,19
9746,42
9747,24
9748,23
9749,51
9750,31
9751,44
9752,38
9753,44
9754,44
9755,38
9756,36
9757,29
9758,46
9759,47
9760,30
9761,37
9762,27
9763,43
9764,44
9765,31
9766,34
9767,39
9768,36
9769,57
9770,78
9771,24
9772,39
9773,21
9774,34
9775,22
9776,36
9777,61
9778,67
9779,42
9780,49
9781,58
9782,37
9783,39
9784,25
9785,45
9786,30
9787,49
9788,36
9789,23
9790,51
9791,55
9792,35
9793,45
9794,36
9795,32
9796,39
9797,47
9798,49
9799,52
9800,44
9801,36
9802,40
9803,17
9804,18
9805,30
9806,66
9807,59
9808,30
9809,50
9810,24
9811,28
9812,44
9813,25
9814,45
9815,20
9816,67
9817,40
9818,52
9819,34
9820,37
9821,17
9822,25
9823,35
9824,63
9825,38
9826,33
9827,51
9828,64
9829,50
9830,18
9831,67
9832,46
9833,60
9834,29
9835,30
9836,56
9837,29
9838,37
9839,55
9840,24
9841,21
9842,46
9843,25
9844,40
9845,23
9846,43
9847,29
9848,59
9849,18
9850,28
9851,17
9852,53
9853,22
9854,63
9855,32
9856,40
9857,61
9858,35
9859,43
9860,20
9861,48
9862,56
9863,51
9864,34
9865,44
9866,61
9867,37
9868,36
9869,34
9870,23
9871,63
9872,63
9873,47
9874,55
9875,31
9876,27
9877,58
9878,28
9879,52
9880,31
9881,53
9882,43
9883,43
9884,50
9885,68
9886,37
9887,26
9888,22
9889,22
9890,59
9891,30
9892,24
9893,30
9894,50
9895,38
9896,29
9897,76
9898,21
9899,65
9900,43
9901,29
9902,32
9903,37
9904,64
9905,49
9906,44
9907,68
9908,34
9909,35
9910,53
9911,24
9912,31
9913,25
9914,36
9915,29
9916,37
9917,42
9918,30
9919,32
9920,47
9921,44
9922,19
9923,22
9924,51
9925,69
9926,73
9927,18
9928,33
9929,22
9930,33
9931,20
9932,28
9933,25
9934,27
9935,22
9936,67
9937,31
9938,36
9939,43
9940,33
9941,37
9942,27
9943,36
9944,33
9945,63
9946,48
9947,25
9948,41
9949,26
9950,23
9951,33
9952,30
9953,67
9954,32
9955,48
9956,51
9957,39
9958,40
9959,40
9960,19
9961,28
9962,47
9963,20
9964,41
9965,29
9966,40
9967,61
9968,25
9969,26
9970,43
9971,17
9972,43
9973,73
9974,46
9975,19
9976,37
9977,26
9978,47
9979,47
9980,29
9981,29
9982,33
9983,20
9984,28
9985,26
9986,41
9987,67
9988,43
9989,35
9990,18
9991,55
9992,44
9993,64
9994,34
9995,38
9996,25
9997,21
9998,37
9999,39
10000,34
10001,23
10002,54
10003,49
10004,25
10005,51
10006,29
10007,27
10008,53
10009,68
10010,56
10011,30
10012,24
10013,70
10014,24
10015,74
10016,23
10017,41
10018,45
10019,35
10020,21
10021,45
10022,18
10023,49
10024,49
10025,45
10026,27
10027,28
10028,35
10029,33
10030,35
10031,19
10032,33
10033,28
10034,49
10035,61
10036,39
10037,22
10038,42
10039,22
10040,18
10041,49
10042,33
10043,28
10044,42
10045,20
10046,50
10047,32
10048,31
10049,29
10050,46
10051,32
10052,61
10053,43
10054,35
10055,39
10056,18
10057,42
10058,23
10059,32
10060,52
10061,36
10062,38
10063,50
10064,23
10065,71
10066,27
10067,56
10068,28
10069,45
10070,28
10071,28
10072,18
10073,62
10074,35
10075,39
10076,24
10077,58
10078,48
10079,57
10080,31
10081,25
10082,34
10083,29
10084,38
10085,21
10086,34
10087,50
10088,50
10089,49
10090,30
10091,29
10092,22
10093,42
10094,19
10095,31
10096,42
10097,20
10098,51
10099,50
10100,27
10101,26
10102,61
10103,20
10104,51
10105,52
10106,33
10107,31
10108,24
10109,56
10110,19
10111,29
10112,18
10113,43
10114,43
10115,21
10116,51
10117,20
10118,41
10119,45
10120,20
10121,28
10122,50
10123,47
10124,80
10125,47
10126,19
10127,45
10128,17
10129,37
10130,27
10131,17
10132,18
10133,57
10134,26
10135,26
10136,36
10137,51
10138,38
10139,77
10140,51
10141,24
10142,35
10143,35
10144,51
10145,28
10146,37
10147,43
10148,23
10149,42
10150,58
10151,52
10152,29
10153,27
10154,28
10155,59
10156,28
10157,24
10158,20
10159,54
10160,65
10161,18
10162,38
10163,29
10164,27
10165,36
10166,55
10167,22
10168,28
10169,20
10170,24
10171,36
10172,68
10173,49
10174,18
10175,50
10176,37
10177,60
10178,43
10179,43
10180,17
10181,43
10182,39
10183,21
10184,42
10185,48
10186,56
10187,21
10188,28
10189,39
10190,40
10191,38
10192,59
10193,51
10194,19
10195,23
10196,31
10197,42
10198,43
10199,45
10200,34
10201,21
10202,34
10203,55
10204,30
10205,29
10206,19
10207,45
10208,42
10209,32
10210,90
10211,44
10212,34
10213,35
10214,39
10215,29
10216,24
10217,49
10218,52
10219,54
10220,31
10221,44
10222,18
10223,27
10224,24
10225,30
10226,27
10227,34
10228,25
10229,39
10230,28
10231,51
10232,21
10233,33
10234,27
10235,29
10236,33
10237,37
10238,20
10239,24
10240,29
10241,31
10242,41
10243,42
10244,20
10245,54
10246,55
10247,21
10248,52
10249,19
10250,33
10251,22
10252,59
10253,17
10254,31
10255,74
10256,45
10257,36
10258,35
10259,45
10260,42
10261,50
10262,39
10263,44
10264,52
10265,24
10266,56
10267,27
10268,47
10269,40
10270,38
10271,27
10272,52
10273,22
10274,41
10275,30
10276,55
10277,25
10278,32
10279,28
10280,33
10281,17
10282,27
10283,55
10284,63
10285,39
10286,51
10287,67
10288,41
10289,27
10290,54
10291,59
10292,18
10293,19
10294,31
10295,17
10296,42
10297,37
10298,51
10299,48
10300,23
10301,27
10302,25
10303,69
10304,30
10305,33
10306,28
10307,45
10308,25
10309,37
10310,59
10311,26
10312,48
10313,64
10314,39
10315,24
10316,40
10317,46
10318,35
10319,43
10320,31
10321,22
10322,35
10323,35
10324,35
10325,40
10326,50
10327,48
10328,70
10329,46
10330,36
10331,37
10332,24
10333,47
10334,35
10335,43
10336,18
10337,54
10338,62
10339,36
10340,27
10341,23
10342,61
10343,39
10344,33
10345,28
10346,22
10347,31
10348,26
10349,44
10350,73
10351,44
10352,35
10353,33
10354,27
10355,47
10356,29
10357,33
10358,50
10359,32
10360,41
10361,19
10362,45
10363,65
10364,42
10365,33
10366,32
10367,42
10368,49
10369,38
10370,38
10371,37
10372,24
10373,27
10374,25
10375,29
10376,46
10377,44
10378,26
10379,46
10380,38
10381,38
10382,22
10383,33
10384,50
10385,31
10386,26
10387,42
10388,27
10389,34
10390,64
10391,43
10392,39
10393,47
10394,56
10395,25
10396,60
10397,52
10398,43
10399,46
10400,19
10401,56
10402,22
10403,28
10404,39
10405,28
10406,31
10407,22
10408,39
10409,39
10410,28
10411,67
10412,31
10413,50
10414,34
10415,48
10416,51
10417,54
10418,44
10419,20
10420,37
10421,38
10422,59
10423,59
10424,51
10425,60
10426,29
10427,37
10428,42
10429,28
10430,34
10431,50
10432,22
10433,27
10434,45
10435,39
10436,25
10437,63
10438,24
10439,18
10440,19
10441,23
10442,20
10443,17
10444,63
10445,28
10446,51
10447,29
10448,64
10449,17
10450,45
10451,18
10452,31
10453,48
10454,41
10455,65
10456,27
10457,39
10458,51
10459,49
10460,58
10461,36
10462,25
10463,41
10464,31
10465,63
10466,50
10467,63
10468,44
10469,48
10470,51
10471,18
10472,23
10473,31
10474,38
10475,19
10476,56
10477,31
10478,46
10479,39
10480,56
10481,31
10482,42
10483,53
10484,18
10485,18
10486,20
10487,27
10488,31
10489,52
10490,46
10491,30
10492,26
10493,48
10494,37
10495,29
10496,49
10497,24
10498,74
10499,56
10500,39
10501,21
10502,29
10503,43
10504,23
10505,26
10506,47
10507,27
10508,45
10509,30
10510,35
10511,33
10512,37
10513,21
10514,42
10515,48
10516,46
10517,36
10518,54
10519,25
10520,26
10521,36
10522,56
10523,37
10524,26
10525,23
10526,23
10527,41
10528,55
10529,39
10530,67
10531,60
10532,54
10533,38
10534,47
10535,49
10536,19
10537,20
10538,66
10539,22
10540,51
10541,19
10542,36
10543,33
10544,41
10545,90
10546,78
10547,36
10548,30
10549,35
10550,46
10551,38
10552,24
10553,40
10554,49
10555,19
10556,77
10557,46
10558,41
10559,28
10560,21
10561,24
10562,36
10563,23
10564,38
10565,29
10566,38
10567,47
10568,39
10569,40
10570,21
10571,32
10572,23
10573,44
10574,37
10575,70
10576,51
10577,66
10578,57
10579,36
10580,48
10581,24
10582,51
10583,43
10584,27
10585,32
10586,20
10587,33
10588,19
10589,32
10590,35
10591,26
10592,39
10593,24
10594,45
10595,20
10596,49
10597,35
10598,30
10599,23
10600,33
10601,35
10602,31
10603,20
10604,44
10605,33
10606,50
10607,25
10608,28
10609,60
10610,38
10611,38
10612,57
10613,50
10614,39
10615,69
10616,51
10617,42
10618,53
10619,37
10620,37
10621,38
10622,20
10623,38
10624,52
10625,48
10626,30
10627,37
10628,47
10629,33
10630,33
10631,20
10632,41
10633,32
10634,54
10635,36
10636,46
10637,45
10638,18
10639,62
10640,33
10641,42
10642,18
10643,32
10644,43
10645,20
10646,50
10647,42
10648,36
10649,22
10650,30
10651,33
10652,43
10653,38
10654,34
10655,40
10656,40
10657,41
10658,57
10659,65
10660,52
10661,59
10662,18
10663,48
10664,45
10665,24
10666,27
10667,40
10668,44
10669,24
10670,71
10671,17
10672,57
10673,71
10674,37
10675,33
10676,41
10677,25
10678,42
10679,18
10680,34
10681,57
10682,27
10683,46
10684,64
10685,24
10686,23
10687,33
10688,58
10689,25
10690,44
10691,53
10692,38
10693,36
10694,25
10695,54
10696,31
10697,18
10698,40
10699,26
10700,68
10701,33
10702,22
10703,50
10704,24
10705,44
10706,37
10707,34
10708,45
10709,77
10710,25
10711,20
10712,46
10713,26
10714,45
10715,70
10716,57
10717,28
10718,35
10719,36
10720,32
10721,29
10722,36
10723,19
10724,27
10725,48
10726,49
10727,55
10728,61
10729,42
10730,42
10731,30
10732,32
10733,37
10734,35
10735,30
10736,30
10737,55
10738,36
10739,33
10740,56
10741,26
10742,37
10743,28
10744,38
10745,76
10746,35
10747,48
10748,35
10749,39
10750,64
10751,22
10752,45
10753,27
10754,43
10755,23
10756,25
10757,39
10758,63
10759,37
10760,26
10761,33
10762,45
10763,28
10764,20
10765,34
10766,34
10767,41
10768,38
10769,36
10770,38
10771,46
10772,43
10773,49
10774,26
10775,28
10776,54
10777,53
10778,24
10779,23
10780,55
10781,58
10782,26
10783,19
10784,28
10785,45
10786,30
10787,76
10788,47
10789,34
10790,40
10791,24
10792,30
10793,67
10794,24
10795,43
10796,29
10797,40
10798,61
10799,45
10800,21
10801,58
10802,52
10803,34
10804,20
10805,25
10806,46
10807,54
10808,43
10809,25
10810,21
10811,65
10812,37
10813,29
10814,44
10815,37
10816,38
10817,35
10818,32
10819,44
10820,39
10821,23
10822,25
10823,23
10824,47
10825,47
10826,25
10827,35
10828,68
10829,50
10830,47
10831,35
10832,24
10833,21
10834,35
10835,30
10836,17
10837,49
10838,27
10839,22
10840,22
10841,50
10842,51
10843,27
10844,27
10845,23
10846,20
10847,42
10848,32
10849,45
10850,35
10851,22
10852,34
10853,28
10854,38
10855,48
10856,22
10857,34
10858,25
10859,23
10860,38
10861,43
10862,49
10863,23
10864,57
10865,24
10866,44
10867,34
10868,29
10869,29
10870,35
10871,48
10872,38
10873,42
10874,53
10875,29
10876,59
10877,31
10878,34
10879,51
10880,25
10881,28
10882,30
10883,46
10884,45
10885,23
10886,33
10887,44
10888,25
10889,48
10890,23
10891,33
10892,20
10893,23
10894,71
10895,22
10896,36
10897,27
10898,40
10899,30
10900,30
10901,30
10902,35
10903,39
10904,39
10905,74
10906,32
10907,25
10908,64
10909,47
10910,37
10911,47
10912,33
10913,40
10914,22
10915,56
10916,37
10917,30
10918,20
10919,53
10920,43
10921,23
10922,43
10923,30
10924,20
10925,22
10926,38
10927,54
10928,23
10929,46
10930,59
10931,28
10932,18
10933,41
10934,42
10935,58
10936,24
10937,39
10938,28
10939,25
10940,29
10941,53
10942,63
10943,26
10944,21
10945,45
10946,29
10947,72
10948,51
10949,21
10950,38
10951,38
10952,46
10953,31
10954,68
10955,43
10956,21
10957,44
10958,56
10959,20
10960,36
10961,21
10962,21
10963,52
10964,56
10965,52
10966,51
10967,29
10968,36
10969,29
10970,21
10971,58
10972,37
10973,50
10974,30
10975,29
10976,48
10977,50
10978,39
10979,35
10980,54
10981,24
10982,20
10983,30
10984,19
10985,26
10986,38
10987,25
10988,33
10989,60
10990,30
10991,30
10992,19
10993,23
10994,27
10995,20
10996,39
10997,33
10998,65
10999,34
11000,20
11001,23
11002,25
11003,28
11004,31
11005,28
11006,37
11007,52
11008,66
11009,31
11010,37
11011,45
11012,45
11013,44
11014,32
11015,35
11016,53
11017,54
11018,43
11019,30
11020,49
11021,52
11022,20
11023,60
11024,45
11025,48
11026,28
11027,61
11028,48
11029,32
11030,27
11031,38
11032,33
11033,43
11034,36
11035,38
11036,24
11037,22
11038,30
11039,55
11040,46
11041,39
11042,50
11043,34
11044,47
11045,46
11046,23
11047,43
11048,45
11049,55
11050,68
11051,39
11052,39
11053,37
11054,19
11055,20
11056,49
11057,33
11058,21
11059,72
11060,58
11061,43
11062,62
11063,21
11064,26
11065,27
11066,34
11067,49
11068,28
11069,34
11070,29
11071,58
11072,45
11073,47
11074,53
11075,52
11076,47
11077,36
11078,48
11079,35
11080,49
11081,43
11082,33
11083,49
11084,17
11085,28
11086,25
11087,69
11088,41
11089,31
11090,57
11091,49
11092,40
11093,55
11094,47
11095,50
11096,36
11097,17
11098,30
11099,79
11100,42
11101,67
11102,36
11103,35
11104,27
11105,21
11106,46
11107,45
11108,20
11109,17
11110,40
11111,28
11112,33
11113,55
11114,55
11115,47
11116,52
11117,29
11118,36
11119,37
11120,41
11121,43
11122,24
11123,39
11124,47
11125,42
11126,39
11127,48
11128,47
11129,27
11130,29
11131,22
11132,37
11133,38
11134,32
11135,48
11136,46
11137,51
11138,28
11139,35
11140,18
11141,45
11142,36
11143,73
11144,52
11145,17
11146,29
11147,31
11148,20
11149,42
11150,37
11151,40
11152,32
11153,29
11154,20
11155,26
11156,25
11157,37
11158,18
11159,33
11160,26
11161,24
11162,33
11163,23
11164,20
11165,36
11166,37
11167,24
11168,38
11169,50
11170,44
11171,46
11172,57
11173,37
11174,44
11175,21
11176,31
11177,32
11178,45
11179,20
11180,52
11181,47
11182,41
11183,40
11184,41
11185,46
11186,49
11187,65
11188,50
11189,59
11190,18
11191,47
11192,47
11193,45
11194,17
11195,45
11196,73
11197,48
11198,64
11199,38
11200,37
11201,62
11202,26
11203,46
11204,46
11205,51
11206,54
11207,65
11208,29
11209,37
11210,36
11211,60
11212,33
11213,62
11214,20
11215,37
11216,66
11217,32
11218,29
11219,70
11220,74
11221,37
11222,51
11223,50
11224,42
11225,26
11226,27
11227,58
11228,30
11229,32
11230,66
11231,23
11232,35
11233,50
11234,17
11235,35
11236,31
11237,30
11238,84
11239,35
11240,45
11241,46
11242,50
11243,37
11244,32
11245,53
11246,27
11247,22
11248,29
11249,35
11250,38
11251,29
11252,26
11253,34
11254,31
11255,30
11256,20
11257,37
11258,32
11259,36
11260,54
11261,78
11262,46
11263,18
11264,57
11265,37
11266,43
11267,45
11268,32
11269,38
11270,25
11271,70
11272,40
11273,40
11274,20
11275,29
11276,24
11277,28
11278,58
11279,38
11280,59
11281,18
11282,40
11283,39
11284,35
11285,45
11286,62
11287,24
11288,22
11289,23
11290,39
11291,28
11292,51
11293,44
11294,73
11295,24
11296,24
11297,52
11298,43
11299,67
11300,31
11301,36
11302,43
11303,31
11304,23
11305,26
11306,48
11307,40
11308,55
11309,49
11310,34
11311,29
11312,50
11313,19
11314,63
11315,66
11316,65
11317,60
11318,60
11319,19
11320,26
11321,75
11322,58
11323,18
11324,65
11325,50
11326,26
11327,45
11328,19
11329,29
11330,52
11331,23
11332,21
11333,48
11334,59
11335,50
11336,41
11337,32
11338,40
11339,19
11340,30
11341,42
11342,23
11343,37
11344,21
11345,28
11346,50
11347,20
11348,21
11349,21
11350,45
11351,49
11352,53
11353,41
11354,48
11355,73
11356,34
11357,24
11358,58
11359,41
11360,53
11361,40
11362,28
11363,32
11364,44
11365,18
11366,37
11367,43
11368,22
11369,28
11370,51
11371,63
11372,29
11373,44
11374,44
11375,37
11376,62
11377,31
11378,20
11379,48
11380,24
11381,56
11382,36
11383,29
11384,34
11385,39
11386,29
11387,38
11388,23
11389,37
11390,30
11391,58
11392,42
11393,59
11394,45
11395,46
11396,25
11397,41
11398,49
11399,37
11400,31
11401,22
11402,22
11403,17
11404,47
11405,17
11406,39
11407,23
11408,41
11409,36
11410,52
11411,21
11412,33
11413,17
11414,41
11415,19
11416,38
11417,24
11418,38
11419,39
11420,19
11421,31
11422,42
11423,36
11424,29
11425,17
11426,47
11427,24
11428,61
11429,40
11430,31
11431,59
11432,29
11433,26
11434,46
11435,56
11436,25
11437,17
11438,29
11439,23
11440,67
11441,29
11442,33
11443,32
11444,34
11445,49
11446,54
11447,39
11448,41
11449,31
11450,47
11451,27
11452,23
11453,44
11454,25
11455,23
11456,52
11457,62
11458,31
11459,19
11460,22
11461,53
11462,25
11463,45
11464,69
11465,49
11466,42
11467,44
11468,56
11469,37
11470,37
11471,22
11472,34
11473,36
11474,54
11475,28
11476,28
11477,36
11478,73
11479,37
11480,24
11481,30
11482,38
11483,50
11484,69
11485,43
11486,42
11487,54
11488,27
11489,39
11490,27
11491,30
11492,30
11493,37
11494,50
11495,36
11496,22
11497,21
11498,33
11499,76
11500,22
11501,37
11502,34
11503,29
11504,29
11505,28
11506,73
11507,43
11508,39
11509,74
11510,27
11511,47
11512,90
11513,47
11514,42
11515,69
11516,18
11517,23
11518,44
11519,41
11520,47
11521,43
11522,33
11523,48
11524,39
11525,43
11526,18
11527,52
11528,18
11529,27
11530,27
11531,45
11532,79
11533,24
11534,25
11535,42
11536,63
11537,40
11538,47
11539,42
11540,42
11541,63
11542,37
11543,65
11544,30
11545,62
11546,46
11547,23
11548,47
11549,20
11550,21
11551,28
11552,61
11553,30
11554,30
11555,29
11556,39
11557,23
11558,32
11559,63
11560,19
11561,57
11562,41
11563,23
11564,30
11565,43
11566,64
11567,56
11568,32
11569,55
11570,17
11571,17
11572,29
11573,23
11574,37
11575,39
11576,36
11577,50
11578,41
11579,31
11580,71
11581,56
11582,51
11583,20
11584,53
11585,33
11586,27
11587,40
11588,45
11589,54
11590,33
11591,27
11592,36
11593,42
11594,33
11595,19
11596,52
11597,41
11598,30
11599,22
11600,47
11601,26
11602,36
11603,35
11604,46
11605,24
11606,30
11607,38
11608,50
11609,41
11610,38
11611,36
11612,47
11613,59
11614,35
11615,59
11616,52
11617,37
11618,52
11619,51
11620,67
11621,58
11622,68
11623,71
11624,49
11625,35
11626,18
11627,29
11628,47
11629,31
11630,22
11631,20
11632,57
11633,18
11634,32
11635,39
11636,37
11637,51
11638,48
11639,39
11640,35
11641,40
11642,19
11643,28
11644,23
11645,18
11646,23
11647,47
11648,42
11649,25
11650,17
11651,34
11652,30
11653,29
11654,22
11655,46
11656,69
11657,50
11658,19
11659,59
11660,45
11661,41
11662,47
11663,64
11664,29
11665,29
11666,17
11667,24
11668,28
11669,35
11670,48
11671,36
11672,38
11673,49
11674,42
11675,36
11676,25
11677,41
11678,35
11679,32
11680,41
11681,48
11682,56
11683,47
11684,30
11685,51
11686,22
11687,49
11688,67
11689,26
11690,35
11691,37
11692,34
11693,51
11694,26
11695,28
11696,32
11697,55
11698,17
11699,40
11700,38
11701,67
11702,44
11703,26
11704,25
11705,45
11706,38
11707,62
11708,20
11709,45
11710,47
11711,49
11712,36
11713,24
11714,29
11715,23
11716,50
11717,44
11718,44
11719,32
11720,73
11721,24
11722,46
11723,61
11724,37
11725,29
11726,40
11727,17
11728,30
11729,19
11730,30
11731,90
11732,76
11733,47
11734,65
11735,25
11736,41
11737,47
11738,27
11739,42
11740,49
11741,37
11742,19
11743,24
11744,34
11745,33
11746,44
11747,37
11748,45
11749,35
11750,58
11751,45
11752,54
11753,45
11754,69
11755,24
11756,36
11757,61
11758,57
11759,56
11760,35
11761,51
11762,50
11763,25
11764,46
11765,23
11766,44
11767,38
11768,35
11769,25
11770,78
11771,18
11772,40
11773,61
11774,31
11775,33
11776,35
11777,55
11778,19
11779,31
11780,43
11781,49
11782,48
11783,27
11784,38
11785,35
11786,29
11787,27
11788,31
11789,26
11790,53
11791,23
11792,32
11793,54
11794,36
11795,22
11796,62
11797,41
11798,59
11799,43
11800,34
11801,27
11802,35
11803,41
11804,42
11805,24
11806,35
11807,40
11808,46
11809,45
11810,33
11811,68
11812,33
11813,23
11814,42
11815,30
11816,35
11817,40
11818,36
11819,46
11820,49
11821,41
11822,26
11823,37
11824,50
11825,20
11826,59
11827,30
11828,23
11829,44
11830,28
11831,48
11832,34
11833,58
11834,33
11835,38
11836,49
11837,67
11838,23
11839,42
11840,54
11841,49
11842,35
11843,26
11844,31
11845,36
11846,25
11847,35
11848,40
11849,52
11850,42
11851,25
11852,50
11853,52
11854,51
11855,19
11856,43
11857,57
11858,35
11859,30
11860,38
11861,45
11862,23
11863,22
11864,21
11865,60
11866,45
11867,26
11868,49
11869,29
11870,47
11871,40
11872,34
11873,42
11874,33
11875,63
11876,53
11877,38
11878,44
11879,43
11880,26
11881,56
11882,39
11883,44
11884,34
11885,40
11886,38
11887,44
11888,34
11889,22
11890,58
11891,43
11892,23
11893,41
11894,44
11895,32
11896,38
11897,47
11898,24
11899,39
11900,32
11901,40
11902,34
11903,34
11904,57
11905,71
11906,45
11907,54
11908,26
11909,37
11910,28
11911,42
11912,45
11913,37
11914,57
11915,39
11916,45
11917,30
11918,27
11919,44
11920,44
11921,38
11922,19
11923,39
11924,55
11925,17
11926,43
11927,36
11928,45
11929,44
11930,26
11931,32
11932,21
11933,43
11934,34
11935,33
11936,40
11937,46
11938,20
11939,54
11940,23
11941,58
11942,25
11943,50
11944,42
11945,25
11946,60
11947,43
11948,25
11949,31
11950,35
11951,48
11952,43
11953,27
11954,24
11955,44
11956,52
11957,49
11958,31
11959,59
11960,27
11961,38
11962,51
11963,24
11964,58
11965,46
11966,55
11967,76
11968,25
11969,51
11970,33
11971,46
11972,51
11973,42
11974,53
11975,33
11976,30
11977,41
11978,42
11979,34
11980,31
11981,46
11982,35
11983,40
11984,46
11985,43
11986,35
11987,23
11988,50
11989,43
11990,61
11991,29
11992,21
11993,36
11994,40
11995,23
11996,90
11997,24
11998,20
11999,40
12000,37
12001,31
12002,22
12003,25
12004,46
12005,47
12006,48
12007,36
12008,26
12009,28
12010,20
12011,51
12012,32
12013,55
12014,41
12015,46
12016,45
12017,65
12018,45
12019,22
12020,22
12021,42
12022,37
12023,24
12024,67
12025,28
12026,56
12027,31
12028,33
12029,52
12030,45
12031,53
12032,47
12033,40
12034,35
12035,65
12036,42
12037,23
12038,39
12039,39
12040,37
12041,25
12042,31
12043,39
12044,39
12045,25
12046,30
12047,37
12048,22
12049,46
12050,54
12051,33
12052,70
12053,36
12054,53
12055,55
12056,17
12057,36
12058,36
12059,40
12060,36
12061,28
12062,39
12063,49
12064,63
12065,61
12066,48
12067,55
12068,18
12069,20
12070,49
12071,27
12072,37
12073,32
12074,33
12075,47
12076,34
12077,61
12078,25
12079,26
12080,18
12081,35
12082,36
12083,56
12084,40
12085,24
12086,66
12087,42
12088,28
12089,39
12090,65
12091,20
12092,52
12093,24
12094,39
12095,18
12096,49
12097,21
12098,35
12099,38
12100,55
12101,27
12102,34
12103,54
12104,38
12105,32
12106,33
12107,32
12108,34
12109,46
12110,48
12111,23
12112,48
12113,67
12114,36
12115,25
12116,43
12117,27
12118,56
12119,54
12120,39
12121,60
12122,27
12123,21
12124,24
12125,31
12126,22
12127,26
12128,45
12129,33
12130,55
12131,29
12132,72
12133,35
12134,53
12135,40
12136,20
12137,69
12138,41
12139,45
12140,27
12141,46
12142,55
12143,31
12144,45
12145,64
12146,38
12147,17
12148,33
12149,22
12150,23
12151,25
12152,33
12153,31
12154,37
12155,53
12156,28
12157,33
12158,41
12159,61
12160,25
12161,20
12162,35
12163,64
12164,28
12165,39
12166,53
12167,28
12168,38
12169,25
12170,19
12171,20
12172,27
12173,55
12174,52
12175,21
12176,30
12177,47
12178,22
12179,24
12180,26
12181,27
12182,57
12183,18
12184,30
12185,34
12186,40
12187,60
12188,25
12189,39
12190,48
12191,27
12192,33
12193,65
12194,52
12195,27
12196,32
12197,45
12198,18
12199,27
12200,57
12201,44
12202,30
12203,26
12204,28
12205,61
12206,49
12207,33
12208,50
12209,53
12210,33
12211,22
12212,45
12213,26
12214,50
12215,47
12216,52
12217,57
12218,21
12219,58
12220,50
12221,33
12222,34
12223,20
12224,37
12225,57
12226,57
12227,21
12228,40
12229,23
12230,54
12231,38
12232,32
12233,22
12234,27
12235,42
12236,36
12237,22
12238,40
12239,26
12240,46
12241,28
12242,46
12243,55
12244,76
12245,27
12246,50
12247,75
12248,42
12249,36
12250,51
12251,43
12252,44
12253,20
12254,60
12255,47
12256,73
12257,27
12258,50
12259,35
12260,31
12261,45
12262,57
12263,34
12264,19
12265,25
12266,39
12267,28
12268,48
12269,38
12270,53
12271,19
12272,41
12273,23
12274,32
12275,35
12276,21
12277,24
12278,34
12279,29
12280,24
12281,55
12282,28
12283,46
12284,38
12285,29
12286,35
12287,29
12288,41
12289,40
12290,30
12291,72
12292,17
12293,46
12294,38
12295,36
12296,24
12297,28
12298,28
12299,60
12300,42
12301,48
12302,37
12303,32
12304,55
12305,30
12306,68
12307,45
12308,26
12309,22
12310,22
12311,36
12312,52
12313,68
12314,26
12315,52
12316,46
12317,53
12318,17
12319,29
12320,41
12321,45
12322,57
12323,30
12324,46
12325,45
12326,59
12327,40
12328,38
12329,22
12330,59
12331,36
12332,40
12333,18
12334,62
12335,63
12336,29
12337,27
12338,47
12339,20
12340,48
12341,29
12342,22
12343,42
12344,36
12345,60
12346,41
12347,43
12348,33
12349,34
12350,32
12351,22
12352,52
12353,27
12354,60
12355,41
12356,34
12357,30
12358,35
12359,39
12360,64
12361,17
12362,29
12363,37
12364,43
12365,30
12366,17
12367,29
12368,24
12369,27
12370,69
12371,30
12372,29
12373,17
12374,61
12375,70
12376,32
12377,21
12378,27
12379,27
12380,19
12381,44
12382,36
12383,45
12384,29
12385,34
12386,28
12387,34
12388,18
12389,39
12390,34
12391,35
12392,24
12393,41
12394,50
12395,68
12396,35
12397,47
12398,43
12399,35
12400,34
12401,26
12402,50
12403,22
12404,20
12405,18
12406,52
12407,71
12408,55
12409,17
12410,36
12411,25
12412,39
12413,27
12414,42
12415,22
12416,57
12417,34
12418,31
12419,24
12420,41
12421,30
12422,17
12423,26
12424,32
12425,55
12426,19
12427,28
12428,55
12429,49
12430,23
12431,43
12432,40
12433,41
12434,23
12435,59
12436,20
12437,21
12438,28
12439,44
12440,31
12441,50
12442,54
12443,28
12444,34
12445,46
12446,28
12447,23
12448,29
12449,35
12450,41
12451,90
12452,35
12453,20
12454,42
12455,56
12456,31
12457,23
12458,60
12459,28
12460,32
12461,36
12462,44
12463,34
12464,27
12465,49
12466,48
12467,47
12468,34
12469,27
12470,31
12471,24
12472,24
12473,25
12474,36
12475,38
12476,57
12477,24
12478,41
12479,56
12480,19
12481,44
12482,34
12483,25
12484,27
12485,22
12486,59
12487,34
12488,30
12489,21
12490,24
12491,19
12492,82
12493,35
12494,32
12495,45
12496,30
12497,28
12498,28
12499,29
12500,60
12501,28
12502,38
12503,31
12504,28
12505,42
12506,40
12507,24
12508,37
12509,36
12510,39
12511,22
12512,46
12513,28
12514,34
12515,42
12516,43
12517,35
12518,60
12519,33
12520,22
12521,39
12522,33
12523,39
12524,37
12525,63
12526,46
12527,48
12528,33
12529,65
12530,39
12531,43
12532,28
12533,50
12534,24
12535,48
12536,35
12537,62
12538,42
12539,60
12540,50
12541,40
12542,39
12543,43
12544,43
12545,35
12546,39
12547,30
12548,32
12549,18
12550,37
12551,26
12552,51
12553,35
12554,33
12555,46
12556,40
12557,34
12558,29
12559,47
12560,34
12561,45
12562,53
12563,52
12564,64
12565,42
12566,44
12567,41
12568,53
12569,25
12570,20
12571,29
12572,56
12573,45
12574,56
12575,38
12576,62
12577,28
12578,31
12579,24
12580,65
12581,40
12582,31
12583,35
12584,42
12585,20
12586,30
12587,25
12588,22
12589,65
12590,31
12591,56
12592,51
12593,36
12594,44
12595,49
12596,28
12597,57
12598,33
12599,49
12600,74
12601,48
12602,38
12603,39
12604,46
12605,56
12606,27
12607,17
12608,28
12609,18
12610,42
12611,39
12612,29
12613,21
12614,36
12615,56
12616,49
12617,47
12618,44
12619,40
12620,43
12621,62
12622,52
12623,25
12624,63
12625,51
12626,25
12627,62
12628,27
12629,48
12630,32
12631,36
12632,30
12633,45
12634,27
12635,41
12636,61
12637,70
12638,55
12639,35
12640,36
12641,29
12642,30
12643,45
12644,39
12645,18
12646,28
12647,27
12648,38
12649,33
12650,25
12651,25
12652,38
12653,23
12654,40
12655,36
12656,20
12657,41
12658,44
12659,49
12660,22
12661,26
12662,47
12663,48
12664,28
12665,37
12666,44
12667,20
12668,53
12669,36
12670,77
12671,21
12672,24
12673,30
12674,51
12675,22
12676,23
12677,47
12678,17
12679,48
12680,43
12681,34
12682,19
12683,42
12684,23
12685,61
12686,63
12687,65
12688,37
12689,41
12690,35
12691,21
12692,48
12693,51
12694,43
12695,22
12696,56
12697,47
12698,26
12699,39
12700,45
12701,49
12702,23
12703,69
12704,41
12705,40
12706,25
12707,52
12708,28
12709,50
12710,21
12711,48
12712,27
12713,63
12714,47
12715,37
12716,28
12717,58
12718,41
12719,67
12720,62
12721,28
12722,26
12723,46
12724,29
12725,39
12726,25
12727,20
12728,21
12729,25
12730,44
12731,37
12732,50
12733,29
12734,18
12735,32
12736,58
12737,50
12738,29
12739,58
12740,29
12741,36
12742,21
12743,49
12744,60
12745,39
12746,50
12747,30
12748,55
12749,64
12750,29
12751,40
12752,42
12753,55
12754,43
12755,28
12756,46
12757,34
12758,47
12759,43
12760,24
12761,21
12762,65
12763,20
12764,31
12765,38
12766,22
12767,20
12768,44
12769,44
12770,41
12771,38
12772,21
12773,24
12774,24
12775,28
12776,39
12777,48
12778,24
12779,50
12780,50
12781,68
12782,31
12783,22
12784,18
12785,25
12786,28
12787,17
12788,24
12789,20
12790,45
12791,44
12792,57
12793,33
12794,24
12795,22
12796,41
12797,51
12798,46
12799,52
12800,50
12801,26
12802,17
12803,64
12804,51
12805,28
12806,51
12807,39
12808,48
12809,44
12810,47
12811,52
12812,58
12813,19
12814,40
12815,23
12816,31
12817,40
12818,48
12819,46
12820,32
12821,50
12822,18
12823,26
12824,36
12825,26
12826,19
12827,53
12828,54
12829,29
12830,81
12831,37
12832,40
12833,36
12834,18
12835,44
12836,36
12837,69
12838,17
12839,38
12840,27
12841,52
12842,24
12843,57
12844,19
12845,38
12846,46
12847,21
12848,29
12849,33
12850,26
12851,28
12852,26
12853,37
12854,49
12855,28
12856,57
12857,60
12858,20
12859,38
12860,51
12861,60
12862,37
12863,44
12864,19
12865,59
12866,50
12867,35
12868,46
12869,18
12870,32
12871,32
12872,39
12873,25
12874,30
12875,37
12876,38
12877,36
12878,56
12879,35
12880,56
12881,17
12882,46
12883,56
12884,61
12885,25
12886,27
12887,50
12888,33
12889,33
12890,38
12891,51
12892,27
12893,49
12894,26
12895,42
12896,37
12897,38
12898,48
12899,41
12900,33
12901,30
12902,25
12903,50
12904,54
12905,37
12906,59
12907,17
12908,65
12909,56
12910,57
12911,33
12912,41
12913,45
12914,50
12915,18
12916,19
12917,26
12918,61
12919,67
12920,41
12921,29
12922,27
12923,35
12924,37
12925,22
12926,25
12927,26
12928,27
12929,26
12930,51
12931,45
12932,60
12933,35
12934,24
12935,40
12936,69
12937,44
12938,65
12939,52
12940,38
12941,18
12942,24
12943,52
12944,21
12945,67
12946,64
12947,25
12948,34
12949,39
12950,26
12951,19
12952,35
12953,26
12954,38
12955,45
12956,18
12957,51
12958,36
12959,18
12960,37
12961,37
12962,39
12963,21
12964,46
12965,33
12966,23
12967,52
12968,28
12969,23
12970,48
12971,17
12972,22
12973,26
12974,40
12975,90
12976,28
12977,44
12978,29
12979,45
12980,43
12981,17
12982,49
12983,27
12984,60
12985,33
12986,53
12987,19
12988,28
12989,22
12990,48
12991,76
12992,19
12993,28
12994,58
12995,19
12996,37
12997,22
12998,52
12999,31
13000,50
13001,62
13002,26
13003,64
13004,38
13005,44
13006,28
13007,19
13008,39
13009,50
13010,39
13011,36
13012,39
13013,51
13014,28
13015,57
13016,40
13017,27
13018,32
13019,49
13020,34
13021,24
13022,54
13023,52
13024,43
13025,84
13026,79
13027,35
13028,56
13029,30
13030,54
13031,35
13032,32
13033,44
13034,32
13035,60
13036,40
13037,50
13038,58
13039,41
13040,28
13041,53
13042,71
13043,17
13044,45
13045,23
13046,25
13047,40
13048,28
13049,27
13050,19
13051,24
13052,38
13053,24
13054,18
13055,58
13056,35
13057,43
13058,45
13059,24
13060,63
13061,40
13062,21
13063,20
13064,42
13065,49
13066,47
13067,48
13068,61
13069,23
13070,35
13071,46
13072,18
13073,28
13074,62
13075,20
13076,28
13077,57
13078,56
13079,33
13080,19
13081,29
13082,30
13083,53
13084,25
13085,44
13086,22
13087,40
13088,25
13089,30
13090,51
13091,17
13092,46
13093,50
13094,34
13095,42
13096,41
13097,32
13098,32
13099,47
13100,50
13101,77
13102,33
13103,47
13104,64
13105,34
13106,34
13107,67
13108,37
13109,34
13110,22
13111,50
13112,60
13113,46
13114,44
13115,43
13116,48
13117,36
13118,48
13119,37
13120,51
13121,52
13122,27
13123,43
13124,23
13125,66
13126,37
13127,35
13128,42
13129,49
13130,51
13131,71
13132,50
13133,63
13134,41
13135,24
13136,41
13137,33
13138,42
13139,23
13140,49
13141,28
13142,31
13143,28
13144,37
13145,19
13146,51
13147,25
13148,49
13149,47
13150,48
13151,41
13152,32
13153,26
13154,46
13155,17
13156,34
13157,44
13158,23
13159,35
13160,30
13161,65
13162,34
13163,34
13164,39
13165,28
13166,53
13167,34
13168,21
13169,53
13170,54
13171,32
13172,39
13173,39
13174,29
13175,29
13176,43
13177,20
13178,39
13179,45
13180,36
13181,71
13182,62
13183,43
13184,31
13185,39
13186,32
13187,45
13188,19
13189,43
13190,32
13191,43
13192,34
13193,66
13194,37
13195,46
13196,23
13197,41
13198,63
13199,55
13200,35
13201,28
13202,37
13203,63
13204,43
13205,30
13206,36
13207,54
13208,36
13209,78
13210,77
13211,28
13212,39
13213,37
13214,34
13215,22
13216,54
13217,21
13218,36
13219,62
13220,40
13221,47
13222,38
13223,28
13224,46
13225,22
13226,37
13227,69
13228,43
13229,53
13230,20
13231,22
13232,48
13233,40
13234,68
13235,39
13236,57
13237,23
13238,25
13239,22
13240,23
13241,41
13242,25
13243,58
13244,33
13245,28
13246,19
13247,44
13248,68
13249,33
13250,24
13251,44
13252,38
13253,31
13254,29
13255,65
13256,55
13257,49
13258,27
13259,41
13260,33
13261,22
13262,41
13263,66
13264,38
13265,43
13266,40
13267,32
13268,30
13269,35
13270,41
13271,33
13272,36
13273,33
13274,53
13275,27
13276,22
13277,26
13278,64
13279,48
13280,23
13281,26
13282,35
13283,46
13284,65
13285,53
13286,18
13287,34
13288,28
13289,37
13290,61
13291,59
13292,32
13293,31
13294,25
13295,81
13296,47
13297,39
13298,37
13299,44
13300,37
13301,41
13302,27
13303,55
13304,60
13305,22
13306,23
13307,19
13308,45
13309,36
13310,46
13311,48
13312,39
13313,29
13314,39
13315,26
13316,37
13317,49
13318,27
13319,28
13320,35
13321,54
13322,17
13323,18
13324,33
13325,33
13326,51
13327,49
13328,49
13329,41
13330,64
13331,40
13332,49
13333,23
13334,34
13335,38
13336,47
13337,30
13338,36
13339,23
13340,47
13341,61
13342,47
13343,56
13344,20
13345,33
13346,36
13347,38
13348,34
13349,56
13350,32
13351,26
13352,49
13353,71
13354,19
13355,20
13356,42
13357,51
13358,38
13359,38
13360,35
13361,24
13362,40
13363,21
13364,49
13365,18
13366,54
13367,52
13368,27
13369,20
13370,38
13371,31
13372,25
13373,19
13374,33
13375,23
13376,34
13377,42
13378,37
13379,25
13380,40
13381,33
13382,31
13383,32
13384,63
13385,54
13386,32
13387,29
13388,26
13389,39
13390,57
13391,54
13392,57
13393,23
13394,27
13395,42
13396,31
13397,49
13398,50
13399,46
13400,37
13401,26
13402,27
13403,24
13404,24
13405,29
13406,47
13407,33
13408,26
13409,20
13410,25
13411,57
13412,36
13413,25
13414,46
13415,39
13416,29
13417,18
13418,46
13419,61
13420,41
13421,50
13422,53
13423,36
13424,38
13425,75
13426,26
13427,44
13428,25
13429,31
13430,49
13431,34
13432,31
13433,47
13434,38
13435,18
13436,47
13437,42
13438,29
13439,38
13440,22
13441,32
13442,20
13443,41
13444,46
13445,44
13446,35
13447,18
13448,60
13449,36
13450,30
13451,40
13452,21
13453,25
13454,56
13455,42
13456,26
13457,66
13458,48
13459,35
13460,41
13461,19
13462,55
13463,42
13464,45
13465,29
13466,42
13467,65
13468,30
13469,43
13470,61
13471,22
13472,23
13473,34
13474,51
13475,21
13476,31
13477,34
13478,33
13479,32
13480,44
13481,21
13482,75
13483,55
13484,43
13485,31
13486,41
13487,26
13488,23
13489,42
13490,29
13491,21
13492,28
13493,64
13494,35
13495,65
13496,34
13497,58
13498,63
13499,50
13500,59
13501,46
13502,30
13503,28
13504,51
13505,47
13506,30
13507,34
13508,51
13509,41
13510,57
13511,28
13512,62
13513,22
13514,38
13515,34
13516,45
13517,37
13518,21
13519,49
13520,24
13521,47
13522,20
13523,27
13524,40
13525,19
13526,31
13527,43
13528,48
13529,64
13530,39
13531,50
13532,52
13533,44
13534,50
13535,54
13536,17
13537,33
13538,28
13539,39
13540,33
13541,59
13542,74
13543,54
13544,31
13545,31
13546,20
13547,54
13548,42
13549,57
13550,49
13551,40
13552,19
13553,38
13554,39
13555,43
13556,32
13557,57
13558,38
13559,25
13560,40
13561,34
13562,35
13563,53
13564,21
13565,43
13566,43
13567,22
13568,64
13569,19
13570,40
13571,34
13572,46
13573,35
13574,32
13575,26
13576,25
13577,55
13578,22
13579,29
13580,38
13581,55
13582,26
13583,34
13584,25
13585,39
13586,18
13587,58
13588,34
13589,29
13590,49
13591,38
13592,21
13593,28
13594,42
13595,29
13596,48
13597,40
13598,36
13599,34
13600,57
13601,24
13602,32
13603,18
13604,39
13605,39
13606,18
13607,20
13608,27
13609,54
13610,40
13611,27
13612,27
13613,43
13614,22
13615,17
13616,37
13617,49
13618,33
13619,21
13620,45
13621,33
13622,25
13623,71
13624,23
13625,41
13626,21
13627,47
13628,30
13629,40
13630,44
13631,50
13632,31
13633,68
13634,45
13635,38
13636,78
13637,31
13638,39
13639,36
13640,46
13641,30
13642,34
13643,30
13644,47
13645,40
13646,62
13647,44
13648,40
13649,20
13650,45
13651,55
13652,51
13653,38
13654,49
13655,49
13656,30
13657,20
13658,34
13659,42
13660,46
13661,43
13662,62
13663,21
13664,58
13665,30
13666,37
13667,22
13668,64
13669,42
13670,43
13671,34
13672,25
13673,21
13674,45
13675,55
13676,24
13677,70
13678,27
13679,34
13680,57
13681,37
13682,52
13683,32
13684,42
13685,24
13686,50
13687,36
13688,42
13689,40
13690,39
13691,51
13692,38
13693,18
13694,63
13695,50
13696,82
13697,33
13698,37
13699,24
13700,31
13701,59
13702,18
13703,47
13704,48
13705,27
13706,34
13707,50
13708,57
13709,60
13710,39
13711,56
13712,18
13713,26
13714,37
13715,20
13716,29
13717,30
13718,21
13719,24
13720,51
13721,31
13722,45
13723,36
13724,29
13725,20
13726,46
13727,44
13728,39
13729,39
13730,45
13731,28
13732,44
13733,48
13734,27
13735,34
13736,35
13737,28
13738,25
13739,21
13740,18
13741,63
13742,18
13743,32
13744,25
13745,19
13746,23
13747,38
13748,36
13749,43
13750,45
13751,30
13752,46
13753,24
13754,42
13755,23
13756,27
13757,48
13758,31
13759,31
13760,18
13761,36
13762,58
13763,51
13764,22
13765,72
13766,61
13767,42
13768,37
13769,30
13770,40
13771,20
13772,65
13773,36
13774,37
13775,33
13776,64
13777,61
13778,38
13779,27
13780,24
13781,39
13782,44
13783,47
13784,73
13785,66
13786,53
13787,43
13788,57
13789,44
13790,59
13791,52
13792,46
13793,20
13794,37
13795,41
13796,39
13797,30
13798,59
13799,22
13800,40
13801,39
13802,24
13803,63
13804,51
13805,34
13806,38
13807,17
13808,20
13809,42
13810,41
13811,56
13812,17
13813,31
13814,23
13815,33
13816,36
13817,37
13818,52
13819,28
13820,59
13821,30
13822,32
13823,30
13824,53
13825,54
13826,26
13827,34
13828,31
13829,34
13830,58
13831,30
13832,53
13833,27
13834,23
13835,24
13836,36
13837,33
13838,22
13839,47
13840,34
13841,44
13842,41
13843,45
13844,24
13845,65
13846,45
13847,23
13848,54
13849,40
13850,45
13851,50
13852,40
13853,24
13854,42
13855,50
13856,58
13857,47
13858,37
13859,37
13860,22
13861,29
13862,45
13863,49
13864,44
13865,72
13866,63
13867,26
13868,58
13869,40
13870,56
13871,55
13872,28
13873,57
13874,37
13875,44
13876,31
13877,42
13878,18
13879,57
13880,53
13881,38
13882,33
13883,42
13884,70
13885,50
13886,50
13887,28
13888,72
13889,33
13890,47
13891,48
13892,64
13893,19
13894,48
13895,37
13896,55
13897,24
13898,42
13899,43
13900,34
13901,55
13902,22
13903,39
13904,50
13905,47
13906,25
13907,52
13908,30
13909,37
13910,73
13911,50
13912,34
13913,24
13914,66
13915,22
13916,69
13917,23
13918,55
13919,35
13920,20
13921,70
13922,54
13923,34
13924,38
13925,33
13926,43
13927,60
13928,81
13929,32
13930,34
13931,46
13932,30
13933,23
13934,29
13935,51
13936,31
13937,36
13938,23
13939,35
13940,28
13941,33
13942,40
13943,27
13944,38
13945,47
13946,25
13947,45
13948,38
13949,66
13950,65
13951,30
13952,54
13953,49
13954,41
13955,48
13956,23
13957,77
13958,19
13959,30
13960,41
13961,35
13962,20
13963,66
13964,49
13965,52
13966,24
13967,50
13968,22
13969,19
13970,39
13971,45
13972,61
13973,45
13974,36
13975,40
13976,38
13977,52
13978,29
13979,33
13980,40
13981,34
13982,46
13983,44
13984,19
13985,44
13986,40
13987,20
13988,24
13989,76
13990,20
13991,33
13992,31
13993,33
13994,19
13995,29
13996,30
13997,48
13998,42
13999,37
14000,54
14001,42
14002,28
14003,42
14004,60
14005,76
14006,21
14007,29
14008,43
14009,44
14010,45
14011,38
14012,28
14013,29
14014,20
14015,49
14016,36
14017,40
14018,17
14019,45
14020,42
14021,29
14022,57
14023,23
14024,20
14025,23
14026,39
14027,34
14028,43
14029,25
14030,40
14031,52
14032,48
14033,37
14034,36
14035,33
14036,36
14037,24
14038,42
14039,35
14040,40
14041,50
14042,40
14043,22
14044,57
14045,51
14046,61
14047,71
14048,47
14049,38
14050,25
14051,33
14052,40
14053,39
14054,29
14055,33
14056,46
14057,24
14058,28
14059,20
14060,34
14061,34
14062,25
14063,36
14064,61
14065,38
14066,57
14067,20
14068,56
14069,24
14070,60
14071,37
14072,27
14073,54
14074,40
14075,18
14076,51
14077,40
14078,64
14079,24
14080,33
14081,31
14082,26
14083,54
14084,31
14085,39
14086,22
14087,31
14088,68
14089,59
14090,35
14091,25
14092,23
14093,35
14094,17
14095,19
14096,53
14097,59
14098,37
14099,74
14100,28
14101,40
14102,30
14103,20
14104,80
14105,51
14106,17
14107,37
14108,19
14109,58
14110,57
14111,37
14112,23
14113,36
14114,33
14115,30
14116,30
14117,41
14118,57
14119,23
14120,40
14121,53
14122,31
14123,41
14124,36
14125,30
14126,44
14127,36
14128,42
14129,48
14130,22
14131,38
14132,31
14133,32
14134,35
14135,21
14136,26
14137,19
14138,43
14139,33
14140,30
14141,52
14142,38
14143,28
14144,57
14145,51
14146,50
14147,32
14148,32
14149,37
14150,69
14151,33
14152,37
14153,36
14154,47
14155,63
14156,21
14157,17
14158,56
14159,90
14160,27
14161,38
14162,33
14163,26
14164,20
14165,42
14166,55
14167,32
14168,66
14169,66
14170,49
14171,34
14172,38
14173,40
14174,22
14175,46
14176,29
14177,19
14178,71
14179,37
14180,52
14181,27
14182,52
14183,31
14184,37
14185,28
14186,25
14187,31
14188,29
14189,45
14190,69
14191,50
14192,54
14193,17
14194,34
14195,32
14196,23
14197,66
14198,61
14199,55
14200,24
14201,30
14202,49
14203,21
14204,56
14205,25
14206,49
14207,58
14208,40
14209,62
14210,54
14211,34
14212,18
14213,28
14214,32
14215,22
14216,34
14217,53
14218,47
14219,19
14220,41
14221,46
14222,56
14223,42
14224,25
14225,42
14226,43
14227,17
14228,57
14229,40
14230,62
14231,20
14232,47
14233,40
14234,44
14235,48
14236,39
14237,46
14238,72
14239,53
14240,47
14241,40
14242,34
14243,41
14244,41
14245,20
14246,42
14247,54
14248,39
14249,37
14250,59
14251,69
14252,24
14253,36
14254,21
14255,68
14256,20
14257,26
14258,48
14259,39
14260,21
14261,22
14262,34
14263,33
14264,46
14265,47
14266,65
14267,23
14268,28
14269,34
14270,20
14271,28
14272,52
14273,40
14274,22
14275,29
14276,31
14277,42
14278,38
14279,22
14280,21
14281,43
14282,43
14283,33
14284,17
14285,54
14286,45
14287,55
14288,51
14289,65
14290,21
14291,40
14292,58
14293,53
14294,39
14295,56
14296,37
14297,44
14298,49
14299,36
14300,59
14301,33
14302,36
14303,26
14304,22
14305,25
14306,28
14307,41
14308,45
14309,43
14310,30
14311,33
14312,34
14313,21
14314,31
14315,48
14316,22
14317,47
14318,27
14319,18
14320,43
14321,36
14322,37
14323,24
14324,24
14325,38
14326,48
14327,75
14328,43
14329,64
14330,67
14331,36
14332,53
14333,22
14334,73
14335,46
14336,45
14337,43
14338,20
14339,43
14340,21
14341,40
14342,36
14343,64
14344,19
14345,46
14346,46
14347,41
14348,29
14349,28
14350,23
14351,30
14352,44
14353,27
14354,25
14355,29
14356,54
14357,27
14358,34
14359,38
14360,24
14361,56
14362,35
14363,23
14364,23
14365,19
14366,42
14367,46
14368,48
14369,27
14370,22
14371,49
14372,23
14373,24
14374,34
14375,25
14376,33
14377,22
14378,54
14379,39
14380,25
14381,75
14382,28
14383,50
14384,62
14385,40
14386,58
14387,24
14388,21
14389,40
14390,45
14391,48
14392,34
14393,23
14394,43
14395,42
14396,39
14397,52
14398,21
14399,56
14400,48
14401,37
14402,25
14403,40
14404,34
14405,52
14406,41
14407,36
14408,21
14409,28
14410,31
14411,20
14412,68
14413,35
14414,32
14415,64
14416,17
14417,25
14418,74
14419,31
14420,51
14421,67
14422,42
14423,29
14424,31
14425,21
14426,67
14427,41
14428,27
14429,51
14430,21
14431,28
14432,21
14433,28
14434,29
14435,39
14436,21
14437,43
14438,44
14439,28
14440,31
14441,18
14442,27
14443,34
14444,25
14445,34
14446,43
14447,40
14448,21
14449,25
14450,21
14451,19
14452,49
14453,20
14454,36
14455,32
14456,23
14457,21
14458,25
14459,26
14460,24
14461,22
14462,26
14463,22
14464,41
14465,18
14466,24
14467,38
14468,36
14469,45
14470,38
14471,38
14472,34
14473,53
14474,32
14475,17
14476,45
14477,31
14478,47
14479,27
14480,61
14481,33
14482,67
14483,38
14484,25
14485,33
14486,27
14487,45
14488,24
14489,23
14490,48
14491,61
14492,22
14493,34
14494,32
14495,35
14496,36
14497,24
14498,60
14499,28
14500,64
14501,22
14502,27
14503,36
14504,27
14505,52
14506,57
14507,23
14508,29
14509,34
14510,38
14511,50
14512,50
14513,51
14514,17
14515,25
14516,19
14517,43
14518,59
14519,39
14520,18
14521,27
14522,39
14523,44
14524,19
14525,32
14526,48
14527,46
14528,65
14529,57
14530,48
14531,46
14532,27
14533,29
14534,21
14535,20
14536,51
14537,35
14538,29
14539,30
14540,65
14541,20
14542,47
14543,41
14544,17
14545,38
14546,38
14547,39
14548,24
14549,52
14550,46
14551,22
14552,56
14553,37
14554,59
14555,19
14556,31
14557,22
14558,48
14559,63
14560,33
14561,53
14562,38
14563,39
14564,59
14565,45
14566,39
14567,60
14568,38
14569,31
14570,61
14571,66
14572,26
14573,60
14574,68
14575,32
14576,25
14577,43
14578,26
14579,55
14580,66
14581,31
14582,35
14583,58
14584,56
14585,22
14586,46
14587,33
14588,26
14589,42
14590,45
14591,43
14592,19
14593,27
14594,51
14595,42
14596,43
14597,38
14598,44
14599,36
14600,37
14601,29
14602,53
14603,42
14604,80
14605,61
14606,55
14607,20
14608,23
14609,48
14610,24
14611,71
14612,49
14613,39
14614,22
14615,67
14616,18
14617,38
14618,38
14619,50
14620,56
14621,23
14622,26
14623,32
14624,44
14625,27
14626,40
14627,43
14628,31
14629,57
14630,25
14631,22
14632,20
14633,27
14634,39
14635,27
14636,41
14637,31
14638,41
14639,25
14640,29
14641,22
14642,62
14643,29
14644,44
14645,32
14646,19
14647,20
14648,65
14649,24
14650,37
14651,43
14652,38
14653,28
14654,33
14655,32
14656,38
14657,33
14658,42
14659,27
14660,41
14661,47
14662,55
14663,30
14664,54
14665,40
14666,21
14667,34
14668,30
14669,31
14670,22
14671,37
14672,41
14673,52
14674,57
14675,48
14676,58
14677,35
14678,40
14679,30
14680,26
14681,46
14682,26
14683,50
14684,22
14685,36
14686,30
14687,58
14688,17
14689,72
14690,19
14691,29
14692,20
14693,30
14694,47
14695,51
14696,26
14697,24
14698,44
14699,43
14700,35
14701,51
14702,41
14703,38
14704,39
14705,54
14706,62
14707,45
14708,30
14709,32
14710,23
14711,84
14712,46
14713,67
14714,29
14715,33
14716,23
14717,63
14718,55
14719,42
14720,17
14721,60
14722,31
14723,28
14724,31
14725,65
14726,31
14727,61
14728,43
14729,40
14730,39
14731,37
14732,47
14733,45
14734,30
14735,30
14736,49
14737,51
14738,31
14739,48
14740,20
14741,32
14742,31
14743,19
14744,50
14745,33
14746,25
14747,49
14748,30
14749,23
14750,44
14751,24
14752,28
14753,56
14754,38
14755,20
14756,82
14757,52
14758,32
14759,37
14760,36
14761,39
14762,30
14763,49
14764,40
14765,42
14766,35
14767,39
14768,32
14769,22
14770,53
14771,25
14772,17
14773,44
14774,52
14775,42
14776,34
14777,27
14778,37
14779,39
14780,26
14781,48
14782,57
14783,36
14784,27
14785,17
14786,30
14787,37
14788,31
14789,23
14790,32
14791,58
14792,31
14793,44
14794,39
14795,59
14796,42
14797,45
14798,20
14799,35
14800,50
14801,56
14802,48
14803,58
14804,32
14805,23
14806,48
14807,33
14808,48
14809,55
14810,40
14811,50
14812,52
14813,19
14814,55
14815,36
14816,39
14817,22
14818,44
14819,34
14820,33
14821,55
14822,35
14823,50
14824,43
14825,29
14826,56
14827,33
14828,24
14829,46
14830,60
14831,48
14832,65
14833,29
14834,42
14835,44
14836,73
14837,21
14838,32
14839,43
14840,21
14841,30
14842,54
14843,19
14844,55
14845,20
14846,53
14847,51
14848,33
14849,62
14850,24
14851,17
14852,26
14853,36
14854,32
14855,58
14856,38
14857,72
14858,26
14859,45
14860,72
14861,60
14862,27
14863,38
14864,37
14865,28
14866,38
14867,29
14868,19
14869,28
14870,70
14871,40
14872,26
14873,43
14874,29
14875,25
14876,29
14877,60
14878,31
14879,51
14880,18
14881,36
14882,35
14883,48
14884,78
14885,72
14886,24
14887,58
14888,36
14889,48
14890,28
14891,26
14892,29
14893,47
14894,50
14895,35
14896,17
14897,41
14898,37
14899,35
14900,56
14901,23
14902,33
14903,79
14904,28
14905,55
14906,59
14907,22
14908,19
14909,41
14910,32
14911,67
14912,45
14913,61
14914,34
14915,43
14916,38
14917,35
14918,65
14919,24
14920,37
14921,34
14922,42
14923,18
14924,43
14925,31
14926,19
14927,40
14928,32
14929,47
14930,32
14931,46
14932,40
14933,36
14934,33
14935,23
14936,21
14937,40
14938,53
14939,20
14940,53
14941,58
14942,51
14943,31
14944,35
14945,23
14946,31
14947,21
14948,39
14949,36
14950,51
14951,18
14952,32
14953,56
14954,35
14955,63
14956,61
14957,23
14958,52
14959,19
14960,33
14961,35
14962,35
14963,38
14964,23
14965,22
14966,20
14967,19
14968,47
14969,59
14970,38
14971,36
14972,27
14973,24
14974,35
14975,22
14976,37
14977,36
14978,28
14979,55
14980,29
14981,32
14982,66
14983,47
14984,23
14985,50
14986,40
14987,51
14988,34
14989,28
14990,52
14991,39
14992,43
14993,36
14994,25
14995,42
14996,35
14997,43
14998,34
14999,50
15000,30
15001,44
15002,52
15003,35
15004,36
15005,30
15006,36
15007,39
15008,25
15009,26
15010,20
15011,20
15012,70
15013,26
15014,24
15015,48
15016,62
15017,48
15018,52
15019,25
15020,58
15021,40
15022,29
15023,45
15024,19
15025,37
15026,23
15027,31
15028,64
15029,28
15030,32
15031,49
15032,35
15033,19
15034,45
15035,39
15036,55
15037,46
15038,19
15039,29
15040,25
15041,37
15042,30
15043,28
15044,36
15045,32
15046,34
15047,34
15048,20
15049,27
15050,36
15051,35
15052,37
15053,32
15054,32
15055,52
15056,50
15057,23
15058,25
15059,21
15060,31
15061,31
15062,41
15063,47
15064,20
15065,20
15066,29
15067,51
15068,30
15069,23
15070,48
15071,39
15072,62
15073,22
15074,46
15075,51
15076,20
15077,40
15078,31
15079,30
15080,52
15081,20
15082,37
15083,65
15084,40
15085,60
15086,27
15087,62
15088,53
15089,38
15090,49
15091,21
15092,18
15093,25
15094,36
15095,52
15096,19
15097,23
15098,63
15099,63
15100,62
15101,51
15102,76
15103,50
15104,45
15105,44
15106,51
15107,42
15108,43
15109,53
15110,29
15111,41
15112,44
15113,35
15114,27
15115,35
15116,60
15117,49
15118,33
15119,35
15120,31
15121,54
15122,57
15123,30
15124,45
15125,41
15126,25
15127,51
15128,42
15129,28
15130,47
15131,53
15132,31
15133,46
15134,25
15135,47
15136,26
15137,30
15138,48
15139,22
15140,32
15141,33
15142,31
15143,43
15144,26
15145,34
15146,50
15147,30
15148,17
15149,35
15150,29
15151,27
15152,32
15153,34
15154,32
15155,47
15156,40
15157,26
15158,30
15159,54
15160,53
15161,38
15162,43
15163,25
15164,39
15165,57
15166,47
15167,45
15168,24
15169,32
15170,25
15171,57
15172,28
15173,28
15174,27
15175,28
15176,74
15177,44
15178,27
15179,61
15180,25
15181,28
15182,20
15183,33
15184,38
15185,31
15186,40
15187,43
15188,38
15189,19
15190,56
15191,38
15192,30
15193,22
15194,18
15195,68
15196,35
15197,42
15198,32
15199,43
15200,30
15201,62
15202,38
15203,27
15204,28
15205,26
15206,21
15207,19
15208,20
15209,25
15210,28
15211,36
15212,23
15213,24
15214,23
15215,24
15216,25
15217,24
15218,30
15219,26
15220,62
15221,36
15222,45
15223,31
15224,34
15225,65
15226,42
15227,27
15228,40
15229,53
15230,54
15231,30
15232,59
15233,42
15234,23
15235,28
15236,20
15237,22
15238,73
15239,47
15240,44
15241,40
15242,37
15243,39
15244,49
15245,44
15246,27
15247,50
15248,39
15249,41
15250,55
15251,53
15252,53
15253,31
15254,21
15255,30
15256,74
15257,53
15258,47
15259,60
15260,59
15261,37
15262,47
15263,49
15264,73
15265,58
15266,18
15267,35
15268,24
15269,62
15270,58
15271,51
15272,21
15273,30
15274,27
15275,25
15276,31
15277,31
15278,44
15279,52
15280,30
15281,29
15282,36
15283,54
15284,59
15285,55
15286,70
15287,22
15288,42
15289,36
15290,32
15291,44
15292,22
15293,25
15294,31
15295,33
15296,54
15297,42
15298,49
15299,30
15300,54
15301,39
15302,24
15303,21
15304,23
15305,54
15306,23
15307,39
15308,23
15309,67
15310,19
15311,41
15312,32
15313,57
15314,18
15315,60
15316,21
15317,53
15318,38
15319,21
15320,53
15321,24
15322,36
15323,29
15324,23
15325,44
15326,32
15327,25
15328,41
15329,18
15330,57
15331,62
15332,29
15333,19
15334,35
15335,52
15336,28
15337,38
15338,42
15339,41
15340,23
15341,31
15342,31
15343,46
15344,18
15345,57
15346,25
15347,32
15348,27
15349,46
15350,17
15351,43
15352,56
15353,19
15354,20
15355,42
15356,90
15357,25
15358,27
15359,48
15360,48
15361,27
15362,46
15363,32
15364,22
15365,24
15366,31
15367,20
15368,28
15369,40
15370,39
15371,54
15372,59
15373,17
15374,25
15375,49
15376,55
15377,39
15378,67
15379,28
15380,35
15381,44
15382,51
15383,55
15384,45
15385,32
15386,45
15387,45
15388,35
15389,55
15390,59
15391,22
15392,46
15393,23
15394,47
15395,34
15396,51
15397,40
15398,24
15399,20
15400,44
15401,26
15402,35
15403,23
15404,40
15405,49
15406,32
15407,28
15408,51
15409,62
15410,31
15411,47
15412,36
15413,44
15414,18
15415,46
15416,32
15417,51
15418,48
15419,28
15420,57
15421,33
15422,42
15423,17
15424,63
15425,31
15426,34
15427,35
15428,20
15429,36
15430,24
15431,33
15432,36
15433,31
15434,29
15435,47
15436,30
15437,34
15438,23
15439,33
15440,59
15441,67
15442,26
15443,27
15444,20
15445,24
15446,44
15447,31
15448,28
15449,19
15450,31
15451,20
15452,64
15453,47
15454,36
15455,48
15456,19
15457,22
15458,56
15459,22
15460,37
15461,57
15462,38
15463,34
15464,22
15465,38
15466,30
15467,32
15468,29
15469,56
15470,42
15471,66
15472,71
15473,20
15474,25
15475,42
15476,20
15477,61
15478,24
15479,51
15480,27
15481,41
15482,31
15483,39
15484,36
15485,51
15486,52
15487,49
15488,43
15489,45
15490,49
15491,19
15492,44
15493,67
15494,58
15495,36
15496,67
15497,61
15498,55
15499,23
15500,35
15501,35
15502,20
15503,51
15504,23
15505,39
15506,36
15507,47
15508,27
15509,29
15510,21
15511,18
15512,24
15513,39
15514,51
15515,47
15516,62
15517,49
15518,20
15519,24
15520,25
15521,54
15522,25
15523,20
15524,43
15525,26
15526,24
15527,18
15528,45
15529,45
15530,26
15531,47
15532,54
15533,21
15534,29
15535,68
15536,21
15537,28
15538,46
15539,35
15540,50
15541,48
15542,17
15543,59
15544,23
15545,53
15546,50
15547,32
15548,53
15549,52
15550,38
15551,43
15552,35
15553,41
15554,22
15555,39
15556,45
15557,31
15558,40
15559,47
15560,53
15561,53
15562,33
15563,24
15564,34
15565,46
15566,29
15567,61
15568,31
15569,29
15570,42
15571,50
15572,34
15573,39
15574,74
15575,40
15576,75
15577,40
15578,36
15579,61
15580,42
15581,28
15582,19
15583,36
15584,33
15585,50
15586,47
15587,48
15588,60
15589,30
15590,32
15591,45
15592,51
15593,53
15594,34
15595,48
15596,68
15597,32
15598,63
15599,31
15600,58
15601,32
15602,32
15603,40
15604,50
15605,38
15606,30
15607,21
15608,28
15609,63
15610,32
15611,25
15612,59
15613,22
15614,49
15615,36
15616,31
15617,46
15618,37
15619,48
15620,43
15621,41
15622,54
15623,36
15624,29
15625,66
15626,59
15627,62
15628,29
15629,28
15630,27
15631,42
15632,60
15633,58
15634,27
15635,45
15636,50
15637,43
15638,39
15639,21
15640,24
15641,59
15642,36
15643,72
15644,35
15645,33
15646,30
15647,40
15648,26
15649,37
15650,68
15651,45
15652,56
15653,36
15654,50
15655,38
15656,29
15657,28
15658,39
15659,26
15660,52
15661,52
15662,84
15663,33
15664,46
15665,30
15666,38
15667,66
15668,62
15669,31
15670,31
15671,39
15672,60
15673,27
15674,37
15675,38
15676,25
15677,48
15678,42
15679,45
15680,22
15681,50
15682,21
15683,44
15684,60
15685,21
15686,51
15687,30
15688,46
15689,43
15690,57
15691,48
15692,39
15693,68
15694,33
15695,22
15696,18
15697,28
15698,32
15699,56
15700,36
15701,34
15702,18
15703,39
15704,25
15705,27
15706,56
15707,33
15708,49
15709,44
15710,30
15711,27
15712,25
15713,30
15714,38
15715,38
15716,46
15717,37
15718,62
15719,55
15720,47
15721,45
15722,50
15723,36
15724,45
15725,23
15726,37
15727,38
15728,27
15729,29
15730,45
15731,41
15732,38
15733,27
15734,51
15735,44
15736,33
15737,28
15738,32
15739,43
15740,45
15741,52
15742,24
15743,19
15744,47
15745,53
15746,31
15747,30
15748,56
15749,49
15750,38
15751,19
15752,39
15753,38
15754,47
15755,58
15756,27
15757,59
15758,24
15759,42
15760,53
15761,35
15762,36
15763,26
15764,33
15765,29
15766,43
15767,35
15768,48
15769,45
15770,43
15771,27
15772,21
15773,63
15774,39
15775,52
15776,41
15777,48
15778,27
15779,53
15780,33
15781,37
15782,18
15783,43
15784,20
15785,47
15786,36
15787,41
15788,67
15789,38
15790,47
15791,39
15792,34
15793,36
15794,24
15795,50
15796,21
15797,21
15798,40
15799,19
15800,38
15801,34
15802,44
15803,20
15804,44
15805,49
15806,45
15807,24
15808,34
15809,58
15810,39
15811,22
15812,38
15813,32
15814,45
15815,23
15816,35
15817,52
15818,55
15819,23
15820,22
15821,27
15822,24
15823,21
15824,49
15825,32
15826,64
15827,37
15828,61
15829,44
15830,53
15831,43
15832,60
15833,23
15834,25
15835,29
15836,51
15837,47
15838,20
15839,25
15840,27
15841,23
15842,18
15843,23
15844,59
15845,46
15846,66
15847,46
15848,36
15849,44
15850,17
15851,27
15852,32
15853,53
15854,22
15855,30
15856,47
15857,68
15858,39
15859,22
15860,62
15861,20
15862,21
15863,34
15864,30
15865,25
15866,23
15867,40
15868,26
15869,57
15870,36
15871,43
15872,49
15873,58
15874,32
15875,59
15876,42
15877,37
15878,40
15879,47
15880,56
15881,30
15882,42
15883,21
15884,21
15885,47
15886,22
15887,35
15888,41
15889,43
15890,60
15891,73
15892,90
15893,62
15894,28
15895,45
15896,19
15897,30
15898,19
15899,23
15900,22
15901,19
15902,45
15903,26
15904,42
15905,62
15906,61
15907,34
15908,22
15909,56
15910,32
15911,24
15912,26
15913,32
15914,58
15915,25
15916,23
15917,23
15918,54
15919,28
15920,35
15921,30
15922,23
15923,42
15924,72
15925,21
15926,37
15927,54
15928,58
15929,32
15930,65
15931,22
15932,52
15933,65
15934,33
15935,35
15936,27
15937,34
15938,53
15939,23
15940,43
15941,58
15942,38
15943,26
15944,60
15945,28
15946,33
15947,29
15948,54
15949,41
15950,63
15951,31
15952,23
15953,31
15954,41
15955,51
15956,59
15957,23
15958,24
15959,67
15960,65
15961,47
15962,21
15963,38
15964,55
15965,39
15966,24
15967,24
15968,38
15969,19
15970,32
15971,63
15972,18
15973,36
15974,41
15975,57
15976,48
15977,44
15978,25
15979,48
15980,20
15981,74
15982,44
15983,26
15984,54
15985,39
15986,38
15987,18
15988,32
15989,24
15990,19
15991,28
15992,28
15993,49
15994,50
15995,63
15996,58
15997,68
15998,41
15999,21
16000,27
16001,24
16002,50
16003,47
16004,64
16005,54
16006,28
16007,26
16008,35
16009,48
16010,50
16011,39
16012,46
16013,41
16014,24
16015,57
16016,32
16017,41
16018,55
16019,41
16020,69
16021,22
16022,45
16023,33
16024,57
16025,38
16026,40
16027,48
16028,38
16029,26
16030,24
16031,35
16032,37
16033,42
16034,37
16035,37
16036,28
16037,22
16038,24
16039,45
16040,29
16041,23
16042,24
16043,25
16044,58
16045,28
16046,58
16047,18
16048,59
16049,39
16050,53
16051,54
16052,51
16053,59
16054,42
16055,36
16056,37
16057,32
16058,38
16059,19
16060,55
16061,30
16062,27
16063,65
16064,44
16065,23
16066,32
16067,60
16068,28
16069,44
16070,29
16071,57
16072,41
16073,34
16074,44
16075,44
16076,57
16077,37
16078,35
16079,51
16080,27
16081,41
16082,28
16083,37
16084,18
16085,24
16086,53
16087,40
16088,54
16089,22
16090,44
16091,43
16092,58
16093,59
16094,31
16095,35
16096,17
16097,45
16098,40
16099,35
16100,25
16101,58
16102,39
16103,69
16104,23
16105,32
16106,48
16107,41
16108,74
16109,43
16110,18
16111,24
16112,58
16113,54
16114,60
16115,28
16116,41
16117,62
16118,27
16119,30
16120,63
16121,33
16122,34
16123,20
16124,51
16125,21
16126,50
16127,43
16128,27
16129,19
16130,20
16131,17
16132,47
16133,25
16134,71
16135,21
16136,69
16137,48
16138,57
16139,58
16140,34
16141,33
16142,56
16143,40
16144,28
16145,42
16146,19
16147,41
16148,28
16149,40
16150,23
16151,46
16152,39
16153,39
16154,45
16155,21
16156,50
16157,33
16158,34
16159,55
16160,62
16161,31
16162,35
16163,30
16164,57
16165,50
16166,51
16167,47
16168,37
16169,58
16170,39
16171,34
16172,45
16173,19
16174,42
16175,40
16176,39
16177,36
16178,56
16179,19
16180,37
16181,60
16182,56
16183,51
16184,34
16185,23
16186,19
16187,37
16188,58
16189,33
16190,39
16191,36
16192,26
16193,22
16194,32
16195,17
16196,57
16197,68
16198,70
16199,30
16200,19
16201,51
16202,19
16203,47
16204,41
16205,36
16206,30
16207,26
16208,41
16209,25
16210,62
16211,23
16212,26
16213,25
16214,30
16215,48
16216,20
16217,51
16218,19
16219,31
16220,36
16221,21
16222,40
16223,30
16224,28
16225,57
16226,18
16227,54
16228,32
16229,52
16230,27
16231,45
16232,18
16233,37
16234,52
16235,59
16236,27
16237,43
16238,56
16239,44
16240,37
16241,28
16242,48
16243,58
16244,29
16245,37
16246,35
16247,36
16248,52
16249,30
16250,22
16251,55
16252,61
16253,33
16254,46
16255,64
16256,28
16257,19
16258,36
16259,43
16260,39
16261,56
16262,24
16263,40
16264,45
16265,56
16266,46
16267,35
16268,36
16269,50
16270,61
16271,31
16272,63
16273,41
16274,48
16275,45
16276,24
16277,34
16278,27
16279,26
16280,27
16281,55
16282,38
16283,31
16284,51
16285,56
16286,39
16287,50
16288,34
16289,44
16290,21
16291,37
16292,34
16293,18
16294,34
16295,38
16296,19
16297,46
16298,19
16299,22
16300,38
16301,33
16302,83
16303,34
16304,38
16305,33
16306,27
16307,38
16308,25
16309,38
16310,52
16311,33
16312,17
16313,28
16314,52
16315,34
16316,25
16317,17
16318,22
16319,22
16320,46
16321,58
16322,39
16323,59
16324,61
16325,32
16326,50
16327,51
16328,43
16329,20
16330,38
16331,44
16332,28
16333,50
16334,53
16335,42
16336,47
16337,39
16338,38
16339,34
16340,40
16341,63
16342,53
16343,43
16344,28
16345,68
16346,22
16347,46
16348,57
16349,38
16350,66
16351,29
16352,54
16353,38
16354,35
16355,30
16356,39
16357,31
16358,50
16359,30
16360,25
16361,24
16362,59
16363,45
16364,64
16365,61
16366,42
16367,28
16368,53
16369,33
16370,34
16371,41
16372,67
16373,46
16374,32
16375,41
16376,30
16377,54
16378,33
16379,20
16380,34
16381,20
16382,17
16383,45
16384,21
16385,25
16386,38
16387,17
16388,35
16389,38
16390,48
16391,25
16392,57
16393,32
16394,39
16395,23
16396,21
16397,47
16398,25
16399,18
16400,41
16401,19
16402,24
16403,57
16404,51
16405,32
16406,28
16407,40
16408,21
16409,45
16410,17
16411,55
16412,42
16413,49
16414,38
16415,50
16416,47
16417,43
16418,39
16419,42
16420,32
16421,44
16422,50
16423,55
16424,37
16425,59
16426,56
16427,33
16428,35
16429,44
16430,57
16431,31
16432,18
16433,43
16434,33
16435,18
16436,47
16437,53
16438,59
16439,35
16440,49
16441,26
16442,25
16443,36
16444,29
16445,52
16446,50
16447,22
16448,44
16449,32
16450,49
16451,31
16452,33
16453,50
16454,62
16455,26
16456,46
16457,55
16458,49
16459,22
16460,43
16461,58
16462,48
16463,21
16464,67
16465,39
16466,52
16467,25
16468,27
16469,18
16470,41
16471,59
16472,23
16473,42
16474,54
16475,39
16476,57
16477,51
16478,31
16479,24
16480,35
16481,26
16482,42
16483,31
16484,46
16485,38
16486,51
16487,27
16488,33
16489,22
16490,72
16491,25
16492,58
16493,23
16494,63
16495,23
16496,51
16497,75
16498,52
16499,69
16500,52
16501,40
16502,34
16503,21
16504,30
16505,46
16506,21
16507,44
16508,51
16509,40
16510,33
16511,22
16512,23
16513,75
16514,55
16515,24
16516,45
16517,31
16518,49
16519,26
16520,61
16521,44
16522,28
16523,79
16524,51
16525,44
16526,24
16527,46
16528,36
16529,23
16530,25
16531,48
16532,18
16533,25
16534,19
16535,26
16536,33
16537,42
16538,22
16539,36
16540,33
16541,34
16542,33
16543,62
16544,30
16545,22
16546,34
16547,43
16548,25
16549,35
16550,28
16551,28
16552,25
16553,40
16554,35
16555,48
16556,63
16557,31
16558,36
16559,39
16560,24
16561,32
16562,46
16563,19
16564,30
16565,35
16566,23
16567,33
16568,25
16569,64
16570,18
16571,59
16572,45
16573,30
16574,24
16575,22
16576,49
16577,35
16578,48
16579,18
16580,35
16581,27
16582,28
16583,21
16584,26
16585,44
16586,39
16587,40
16588,70
16589,34
16590,34
16591,66
16592,40
16593,61
16594,59
16595,28
16596,47
16597,33
16598,18
16599,25
16600,22
16601,40
16602,68
16603,30
16604,73
16605,45
16606,23
16607,40
16608,39
16609,23
16610,51
16611,53
16612,24
16613,53
16614,49
16615,34
16616,37
16617,40
16618,23
16619,36
16620,35
16621,53
16622,42
16623,32
16624,33
16625,59
16626,36
16627,37
16628,31
16629,46
16630,44
16631,27
16632,29
16633,39
16634,62
16635,48
16636,42
16637,60
16638,35
16639,39
16640,34
16641,22
16642,18
16643,44
16644,44
16645,49
16646,21
16647,49
16648,52
16649,39
16650,23
16651,54
16652,31
16653,30
16654,21
16655,38
16656,51
16657,34
16658,22
16659,20
16660,26
16661,26
16662,41
16663,35
16664,27
16665,65
16666,31
16667,45
16668,37
16669,47
16670,47
16671,33
16672,40
16673,38
16674,21
16675,40
16676,33
16677,29
16678,41
16679,20
16680,20
16681,34
16682,78
16683,46
16684,40
16685,59
16686,23
16687,23
16688,47
16689,31
16690,42
16691,46
16692,29
16693,21
16694,55
16695,38
16696,44
16697,61
16698,38
16699,50
16700,53
16701,37
16702,49
16703,30
16704,19
16705,59
16706,43
16707,29
16708,49
16709,36
16710,26
16711,18
16712,60
16713,43
16714,42
16715,41
16716,55
16717,31
16718,20
16719,37
16720,51
16721,28
16722,24
16723,21
16724,21
16725,20
16726,35
16727,30
16728,44
16729,45
16730,42
16731,36
16732,32
16733,33
16734,27
16735,17
16736,45
16737,41
16738,19
16739,45
16740,41
16741,34
16742,33
16743,17
16744,51
16745,33
16746,23
16747,52
16748,36
16749,25
16750,38
16751,64
16752,42
16753,29
16754,26
16755,38
16756,24
16757,43
16758,38
16759,28
16760,18
16761,44
16762,81
16763,55
16764,52
16765,31
16766,35
16767,39
16768,27
16769,23
16770,26
16771,33
16772,39
16773,44
16774,38
16775,18
16776,54
16777,45
16778,43
16779,23
16780,37
16781,33
16782,45
16783,32
16784,47
16785,44
16786,22
16787,17
16788,64
16789,30
16790,51
16791,26
16792,31
16793,50
16794,18
16795,63
16796,48
16797,37
16798,51
16799,29
16800,69
16801,56
16802,26
16803,39
16804,42
16805,41
16806,45
16807,23
16808,29
16809,34
16810,31
16811,46
16812,46
16813,33
16814,46
16815,26
16816,49
16817,66
16818,55
16819,35
16820,27
16821,31
16822,47
16823,48
16824,27
16825,38
16826,27
16827,23
16828,17
16829,44
16830,26
16831,37
16832,49
16833,42
16834,26
16835,73
16836,44
16837,47
16838,28
16839,49
16840,17
16841,42
16842,30
16843,36
16844,53
16845,23
16846,35
16847,32
16848,39
16849,40
16850,28
16851,32
16852,42
16853,35
16854,35
16855,21
16856,71
16857,31
16858,25
16859,35
16860,24
16861,69
16862,35
16863,35
16864,42
16865,51
16866,48
16867,49
16868,53
16869,43
16870,53
16871,35
16872,36
16873,34
16874,48
16875,53
16876,37
16877,49
16878,30
16879,41
16880,25
16881,24
16882,34
16883,29
16884,23
16885,46
16886,20
16887,63
16888,40
16889,33
16890,24
16891,36
16892,25
16893,54
16894,50
16895,58
16896,17
16897,40
16898,27
16899,20
16900,22
16901,80
16902,52
16903,40
16904,48
16905,62
16906,32
16907,21
16908,58
16909,37
16910,29
16911,25
16912,26
16913,50
16914,30
16915,30
16916,59
16917,36
16918,37
16919,42
16920,34
16921,27
16922,39
16923,41
16924,34
16925,41
16926,50
16927,18
16928,23
16929,26
16930,38
16931,27
16932,21
16933,41
16934,42
16935,25
16936,43
16937,23
16938,40
16939,23
16940,18
16941,37
16942,58
16943,36
16944,36
16945,25
16946,62
16947,34
16948,27
16949,23
16950,55
16951,42
16952,22
16953,44
16954,42
16955,21
16956,25
16957,31
16958,42
16959,26
16960,62
16961,28
16962,34
16963,51
16964,45
16965,44
16966,47
16967,35
16968,46
16969,46
16970,46
16971,66
16972,34
16973,26
16974,29
16975,30
16976,23
16977,46
16978,44
16979,54
16980,54
16981,71
16982,51
16983,32
16984,75
16985,57
16986,34
16987,40
16988,21
16989,50
16990,32
16991,37
16992,19
16993,64
16994,17
16995,37
16996,32
16997,20
16998,39
16999,18
17000,42
17001,43
17002,42
17003,53
17004,52
17005,51
17006,77
17007,25
17008,38
17009,20
17010,23
17011,27
17012,19
17013,41
17014,47
17015,72
17016,42
17017,36
17018,42
17019,24
17020,22
17021,29
17022,42
17023,24
17024,41
17025,29
17026,36
17027,78
17028,43
17029,34
17030,20
17031,24
17032,36
17033,49
17034,21
17035,51
17036,30
17037,37
17038,30
17039,20
17040,46
17041,24
17042,32
17043,36
17044,30
17045,60
17046,56
17047,57
17048,61
17049,50
17050,56
17051,61
17052,45
17053,31
17054,60
17055,26
17056,56
17057,45
17058,28
17059,45
17060,58
17061,38
17062,23
17063,49
17064,19
17065,22
17066,23
17067,23
17068,40
17069,55
17070,34
17071,21
17072,28
17073,43
17074,17
17075,51
17076,37
17077,54
17078,24
17079,35
17080,48
17081,23
17082,24
17083,24
17084,50
17085,34
17086,45
17087,36
17088,33
17089,21
17090,32
17091,22
17092,53
17093,36
17094,22
17095,47
17096,25
17097,30
17098,49
17099,23
17100,40
17101,45
17102,61
17103,35
17104,20
17105,27
17106,23
17107,25
17108,65
17109,25
17110,49
17111,45
17112,46
17113,67
17114,40
17115,51
17116,44
17117,35
17118,28
17119,44
17120,37
17121,54
17122,33
17123,46
17124,45
17125,27
17126,49
17127,51
17128,27
17129,36
17130,59
17131,24
17132,66
17133,31
17134,35
17135,34
17136,50
17137,43
17138,21
17139,33
17140,48
17141,22
17142,29
17143,42
17144,28
17145,36
17146,66
17147,44
17148,45
17149,49
17150,36
17151,48
17152,19
17153,36
17154,41
17155,32
17156,49
17157,51
17158,20
17159,39
17160,38
17161,19
17162,29
17163,52
17164,22
17165,44
17166,43
17167,41
17168,63
17169,40
17170,40
17171,18
17172,57
17173,54
17174,44
17175,20
17176,40
17177,29
17178,22
17179,44
17180,45
17181,52
17182,57
17183,51
17184,23
17185,22
17186,37
17187,58
17188,61
17189,30
17190,23
17191,30
17192,18
17193,34
17194,23
17195,23
17196,57
17197,58
17198,59
17199,27
17200,50
17201,44
17202,25
17203,33
17204,22
17205,21
17206,44
17207,50
17208,44
17209,53
17210,41
17211,54
17212,60
17213,58
17214,27
17215,43
17216,33
17217,24
17218,41
17219,21
17220,39
17221,27
17222,50
17223,20
17224,46
17225,49
17226,35
17227,56
17228,41
17229,41
17230,42
17231,58
17232,43
17233,25
17234,57
17235,49
17236,23
17237,59
17238,50
17239,33
17240,52
17241,37
17242,30
17243,39
17244,54
17245,52
17246,22
17247,19
17248,65
17249,32
17250,25
17251,34
17252,47
17253,24
17254,63
17255,48
17256,26
17257,28
17258,23
17259,57
17260,64
17261,28
17262,28
17263,34
17264,38
17265,44
17266,34
17267,18
17268,36
17269,73
17270,24
17271,29
17272,33
17273,57
17274,41
17275,55
17276,21
17277,36
17278,26
17279,32
17280,40
17281,32
17282,21
17283,59
17284,29
17285,29
17286,59
17287,58
17288,47
17289,44
17290,31
17291,42
17292,19
17293,66
17294,41
17295,22
17296,31
17297,30
17298,36
17299,75
17300,41
17301,19
17302,60
17303,24
17304,25
17305,52
17306,30
17307,37
17308,55
17309,20
17310,32
17311,18
17312,24
17313,33
17314,76
17315,57
17316,53
17317,19
17318,50
17319,27
17320,40
17321,26
17322,47
17323,39
17324,49
17325,28
17326,33
17327,50
17328,28
17329,30
17330,47
17331,39
17332,37
17333,50
17334,37
17335,26
17336,55
17337,46
17338,32
17339,26
17340,32
17341,43
17342,19
17343,38
17344,38
17345,65
17346,70
17347,48
17348,44
17349,32
17350,30
17351,49
17352,23
17353,25
17354,19
17355,27
17356,43
17357,38
17358,42
17359,33
17360,30
17361,29
17362,30
17363,26
17364,43
17365,30
17366,38
17367,48
17368,57
17369,30
17370,42
17371,31
17372,32
17373,28
17374,63
17375,32
17376,20
17377,51
17378,36
17379,24
17380,41
17381,21
17382,27
17383,17
17384,45
17385,39
17386,21
17387,29
17388,39
17389,42
17390,22
17391,21
17392,59
17393,40
17394,45
17395,35
17396,58
17397,45
17398,29
17399,21
17400,51
17401,34
17402,40
17403,45
17404,38
17405,22
17406,37
17407,62
17408,32
17409,36
17410,43
17411,37
17412,33
17413,28
17414,49
17415,47
17416,59
17417,35
17418,35
17419,29
17420,57
17421,41
17422,37
17423,20
17424,44
17425,20
17426,38
17427,23
17428,24
17429,46
17430,32
17431,21
17432,32
17433,41
17434,51
17435,69
17436,39
17437,43
17438,51
17439,43
17440,35
17441,32
17442,25
17443,64
17444,28
17445,44
17446,40
17447,21
17448,23
17449,23
17450,19
17451,61
17452,47
17453,39
17454,51
17455,25
17456,33
17457,34
17458,54
17459,24
17460,28
17461,33
17462,63
17463,31
17464,70
17465,43
17466,36
17467,50
17468,21
17469,31
17470,19
17471,39
17472,29
17473,39
17474,17
17475,46
17476,62
17477,32
17478,28
17479,19
17480,61
17481,18
17482,39
17483,24
17484,38
17485,38
17486,17
17487,28
17488,52
17489,61
17490,69
17491,19
17492,26
17493,34
17494,70
17495,21
17496,43
17497,52
17498,59
17499,21
17500,53
17501,55
17502,46
17503,36
17504,39
17505,78
17506,30
17507,22
17508,43
17509,36
17510,36
17511,50
17512,27
17513,46
17514,24
17515,41
17516,68
17517,38
17518,47
17519,41
17520,31
17521,29
17522,26
17523,51
17524,26
17525,27
17526,36
17527,28
17528,53
17529,40
17530,38
17531,21
17532,53
17533,34
17534,43
17535,64
17536,21
17537,25
17538,38
17539,47
17540,48
17541,57
17542,37
17543,37
17544,51
17545,32
17546,49
17547,52
17548,64
17549,46
17550,24
17551,39
17552,23
17553,30
17554,34
17555,30
17556,25
17557,58
17558,32
17559,37
17560,35
17561,18
17562,46
17563,71
17564,44
17565,45
17566,40
17567,38
17568,52
17569,47
17570,49
17571,59
17572,22
17573,44
17574,76
17575,50
17576,33
17577,43
17578,27
17579,37
17580,40
17581,49
17582,48
17583,49
17584,22
17585,42
17586,36
17587,57
17588,30
17589,40
17590,42
17591,56
17592,55
17593,25
17594,52
17595,33
17596,55
17597,47
17598,23
17599,55
17600,43
17601,31
17602,62
17603,42
17604,38
17605,29
17606,26
17607,26
17608,37
17609,79
17610,61
17611,28
17612,60
17613,51
17614,34
17615,35
17616,27
17617,44
17618,25
17619,32
17620,36
17621,27
17622,40
17623,43
17624,25
17625,41
17626,30
17627,26
17628,52
17629,32
17630,33
17631,35
17632,48
17633,62
17634,40
17635,41
17636,28
17637,23
17638,50
17639,51
17640,63
17641,63
17642,40
17643,20
17644,61
17645,40
17646,41
17647,41
17648,27
17649,20
17650,28
17651,35
17652,31
17653,34
17654,57
17655,28
17656,38
17657,37
17658,43
17659,26
17660,26
17661,27
17662,33
17663,45
17664,65
17665,57
17666,59
17667,18
17668,44
17669,37
17670,27
17671,43
17672,59
17673,19
17674,36
17675,68
17676,63
17677,37
17678,46
17679,31
17680,23
17681,22
17682,49
17683,36
17684,38
17685,46
17686,24
17687,26
17688,47
17689,40
17690,31
17691,42
17692,48
17693,56
17694,50
17695,17
17696,21
17697,50
17698,49
17699,34
17700,32
17701,28
17702,62
17703,23
17704,24
17705,31
17706,36
17707,58
17708,46
17709,39
17710,48
17711,21
17712,39
17713,21
17714,33
17715,37
17716,29
17717,30
17718,43
17719,22
17720,25
17721,69
17722,17
17723,18
17724,54
17725,65
17726,28
17727,27
17728,35
17729,38
17730,33
17731,26
17732,56
17733,38
17734,51
17735,26
17736,33
17737,44
17738,36
17739,42
17740,44
17741,44
17742,21
17743,41
17744,41
17745,62
17746,27
17747,38
17748,60
17749,24
17750,24
17751,22
17752,32
17753,22
17754,51
17755,31
17756,42
17757,48
17758,49
17759,37
17760,37
17761,66
17762,18
17763,46
17764,52
17765,23
17766,67
17767,19
17768,37
17769,42
17770,39
17771,54
17772,46
17773,47
17774,33
17775,69
17776,21
17777,27
17778,39
17779,23
17780,26
17781,42
17782,36
17783,24
17784,35
17785,42
17786,37
17787,41
17788,27
17789,42
17790,44
17791,18
17792,41
17793,31
17794,26
17795,67
17796,37
17797,51
17798,26
17799,40
17800,25
17801,38
17802,43
17803,23
17804,44
17805,60
17806,38
17807,21
17808,18
17809,49
17810,43
17811,26
17812,36
17813,31
17814,38
17815,43
17816,58
17817,55
17818,39
17819,38
17820,54
17821,57
17822,35
17823,44
17824,36
17825,58
17826,39
17827,25
17828,54
17829,23
17830,37
17831,60
17832,66
17833,36
17834,29
17835,29
17836,25
17837,62
17838,23
17839,38
17840,33
17841,49
17842,57
17843,57
17844,46
17845,37
17846,43
17847,26
17848,40
17849,39
17850,39
17851,31
17852,31
17853,27
17854,36
17855,40
17856,57
17857,24
17858,30
17859,28
17860,22
17861,31
17862,33
17863,20
17864,25
17865,49
17866,21
17867,45
17868,36
17869,41
17870,23
17871,47
17872,41
17873,30
17874,29
17875,31
17876,64
17877,55
17878,19
17879,31
17880,18
17881,68
17882,50
17883,36
17884,44
17885,58
17886,20
17887,18
17888,32
17889,49
17890,34
17891,22
17892,40
17893,35
17894,26
17895,44
17896,55
17897,21
17898,54
17899,39
17900,52
17901,57
17902,67
17903,58
17904,27
17905,66
17906,41
17907,18
17908,58
17909,50
17910,31
17911,32
17912,37
17913,26
17914,33
17915,35
17916,44
17917,26
17918,48
17919,40
17920,62
17921,37
17922,18
17923,48
17924,45
17925,35
17926,35
17927,34
17928,29
17929,19
17930,53
17931,49
17932,71
17933,38
17934,39
17935,23
17936,29
17937,52
17938,41
17939,20
17940,30
17941,56
17942,26
17943,36
17944,26
17945,58
17946,24
17947,41
17948,27
17949,28
17950,57
17951,21
17952,50
17953,27
17954,58
17955,27
17956,36
17957,68
17958,33
17959,19
17960,26
17961,37
17962,53
17963,32
17964,18
17965,53
17966,40
17967,50
17968,43
17969,60
17970,28
17971,34
17972,37
17973,25
17974,46
17975,21
17976,26
17977,47
17978,18
17979,22
17980,36
17981,59
17982,33
17983,33
17984,53
17985,44
17986,55
17987,56
17988,54
17989,51
17990,31
17991,43
17992,44
17993,22
17994,43
17995,26
17996,30
17997,30
17998,46
17999,27
18000,26
18001,36
18002,25
18003,30
18004,46
18005,47
18006,66
18007,43
18008,71
18009,36
18010,46
18011,44
18012,42
18013,39
18014,36
18015,60
18016,37
18017,26
18018,24
18019,17
18020,45
18021,54
18022,22
18023,63
18024,22
18025,27
18026,33
18027,64
18028,50
18029,44
18030,31
18031,44
18032,53
18033,33
18034,34
18035,27
18036,43
18037,80
18038,31
18039,40
18040,53
18041,58
18042,38
18043,33
18044,48
18045,23
18046,31
18047,52
18048,24
18049,45
18050,36
18051,52
18052,54
18053,39
18054,40
18055,28
18056,21
18057,23
18058,36
18059,22
18060,55
18061,71
18062,47
18063,17
18064,31
18065,32
18066,46
18067,27
18068,39
18069,40
18070,30
18071,17
18072,33
18073,72
18074,34
18075,65
18076,36
18077,32
18078,26
18079,22
18080,47
18081,31
18082,28
18083,38
18084,34
18085,44
18086,27
18087,50
18088,47
18089,20
18090,24
18091,29
18092,37
18093,42
18094,20
18095,68
18096,22
18097,72
18098,45
18099,30
18100,33
18101,43
18102,56
18103,25
18104,41
18105,25
18106,31
18107,36
18108,37
18109,58
18110,26
18111,55
18112,46
18113,44
18114,44
18115,28
18116,42
18117,41
18118,39
18119,64
18120,20
18121,45
18122,31
18123,36
18124,32
18125,33
18126,51
18127,36
18128,40
18129,44
18130,40
18131,46
18132,31
18133,30
18134,26
18135,25
18136,35
18137,29
18138,39
18139,44
18140,37
18141,79
18142,36
18143,44
18144,23
18145,27
18146,46
18147,58
18148,36
18149,36
18150,21
18151,41
18152,49
18153,34
18154,29
18155,63
18156,29
18157,65
18158,26
18159,42
18160,44
18161,51
18162,41
18163,22
18164,36
18165,18
18166,33
18167,46
18168,49
18169,41
18170,52
18171,40
18172,53
18173,45
18174,30
18175,56
18176,24
18177,71
18178,20
18179,26
18180,34
18181,36
18182,49
18183,48
18184,22
18185,30
18186,51
18187,46
18188,32
18189,42
18190,52
18191,57
18192,35
18193,52
18194,59
18195,36
18196,33
18197,67
18198,31
18199,31
18200,28
18201,72
18202,36
18203,58
18204,56
18205,35
18206,37
18207,44
18208,26
18209,51
18210,31
18211,30
18212,20
18213,21
18214,37
18215,53
18216,54
18217,32
18218,34
18219,30
18220,43
18221,48
18222,42
18223,62
18224,31
18225,22
18226,45
18227,34
18228,64
18229,42
18230,60
18231,44
18232,67
18233,45
18234,53
18235,37
18236,32
18237,23
18238,28
18239,55
18240,58
18241,74
18242,27
18243,37
18244,22
18245,44
18246,23
18247,41
18248,45
18249,29
18250,33
18251,61
18252,29
18253,22
18254,28
18255,30
18256,20
18257,28
18258,45
18259,19
18260,42
18261,34
18262,31
18263,23
18264,50
18265,40
18266,57
18267,35
18268,24
18269,27
18270,27
18271,45
18272,80
18273,23
18274,46
18275,38
18276,50
18277,90
18278,55
18279,72
18280,65
18281,37
18282,39
18283,38
18284,46
18285,50
18286,54
18287,40
18288,30
18289,50
18290,28
18291,34
18292,55
18293,20
18294,19
18295,21
18296,39
18297,43
18298,33
18299,26
18300,45
18301,31
18302,32
18303,60
18304,41
18305,21
18306,27
18307,33
18308,43
18309,27
18310,18
18311,48
18312,37
18313,58
18314,57
18315,42
18316,24
18317,26
18318,43
18319,34
18320,38
18321,51
18322,31
18323,49
18324,26
18325,28
18326,22
18327,26
18328,45
18329,39
18330,23
18331,62
18332,42
18333,39
18334,43
18335,33
18336,68
18337,30
18338,32
18339,25
18340,53
18341,38
18342,62
18343,20
18344,26
18345,23
18346,43
18347,29
18348,34
18349,24
18350,44
18351,19
18352,47
18353,40
18354,45
18355,43
18356,22
18357,50
18358,72
18359,29
18360,47
18361,24
18362,22
18363,21
18364,30
18365,37
18366,74
18367,70
18368,27
18369,32
18370,30
18371,29
18372,18
18373,31
18374,39
18375,21
18376,31
18377,33
18378,39
18379,29
18380,34
18381,52
18382,35
18383,33
18384,40
18385,43
18386,66
18387,51
18388,36
18389,17
18390,32
18391,39
18392,19
18393,54
18394,45
18395,47
18396,49
18397,32
18398,28
18399,39
18400,27
18401,42
18402,24
18403,45
18404,19
18405,46
18406,50
18407,32
18408,47
18409,69
18410,43
18411,29
18412,43
18413,90
18414,41
18415,24
18416,24
18417,24
18418,35
18419,30
18420,46
18421,19
18422,39
18423,43
18424,35
18425,65
18426,34
18427,41
18428,24
18429,24
18430,34
18431,33
18432,37
18433,39
18434,58
18435,36
18436,33
18437,42
18438,31
18439,57
18440,67
18441,23
18442,35
18443,43
18444,39
18445,36
18446,29
18447,25
18448,54
18449,24
18450,50
18451,70
18452,61
18453,51
18454,38
18455,51
18456,28
18457,66
18458,57
18459,44
18460,29
18461,21
18462,42
18463,74
18464,50
18465,65
18466,64
18467,44
18468,34
18469,17
18470,17
18471,43
18472,32
18473,54
18474,20
18475,23
18476,34
18477,30
18478,32
18479,40
18480,28
18481,44
18482,29
18483,28
18484,37
18485,56
18486,27
18487,34
18488,37
18489,66
18490,19
18491,60
18492,54
18493,47
18494,47
18495,48
18496,57
18497,50
18498,62
18499,45
18500,55
18501,62
18502,25
18503,49
18504,32
18505,25
18506,39
18507,27
18508,43
18509,30
18510,21
18511,33
18512,33
18513,33
18514,70
18515,25
18516,17
18517,20
18518,19
18519,71
18520,31
18521,26
18522,52
18523,26
18524,38
18525,25
18526,22
18527,48
18528,53
18529,30
18530,44
18531,32
18532,59
18533,49
18534,65
18535,31
18536,53
18537,44
18538,36
18539,36
18540,37
18541,63
18542,67
18543,29
18544,52
18545,37
18546,21
18547,36
18548,24
18549,31
18550,54
18551,44
18552,18
18553,41
18554,37
18555,30
18556,26
18557,68
18558,31
18559,48
18560,80
18561,26
18562,63
18563,19
18564,30
18565,42
18566,64
18567,32
18568,50
18569,73
18570,32
18571,53
18572,58
18573,37
18574,24
18575,53
18576,23
18577,42
18578,30
18579,38
18580,28
18581,19
18582,45
18583,26
18584,33
18585,29
18586,54
18587,23
18588,43
18589,37
18590,31
18591,56
18592,25
18593,17
18594,37
18595,60
18596,59
18597,59
18598,46
18599,28
18600,33
18601,24
18602,29
18603,33
18604,29
18605,23
18606,20
18607,60
18608,44
18609,18
18610,52
18611,31
18612,30
18613,33
18614,20
18615,27
18616,33
18617,25
18618,63
18619,63
18620,43
18621,58
18622,70
18623,35
18624,42
18625,20
18626,35
18627,62
18628,41
18629,43
18630,19
18631,46
18632,47
18633,36
18634,45
18635,48
18636,29
18637,48
18638,36
18639,58
18640,43
18641,59
18642,42
18643,33
18644,23
18645,21
18646,48
18647,32
18648,31
18649,66
18650,23
18651,52
18652,17
18653,35
18654,39
18655,21
18656,24
18657,45
18658,25
18659,29
18660,56
18661,34
18662,64
18663,27
18664,47
18665,36
18666,44
18667,31
18668,23
18669,45
18670,31
18671,45
18672,42
18673,33
18674,33
18675,30
18676,25
18677,33
18678,70
18679,22
18680,30
18681,46
18682,43
18683,37
18684,59
18685,51
18686,47
18687,36
18688,73
18689,32
18690,34
18691,51
18692,20
18693,57
18694,19
18695,45
18696,55
18697,60
18698,19
18699,35
18700,20
18701,34
18702,26
18703,73
18704,27
18705,37
18706,73
18707,46
18708,36
18709,54
18710,49
18711,68
18712,34
18713,30
18714,28
18715,28
18716,25
18717,26
18718,40
18719,32
18720,60
18721,18
18722,36
18723,26
18724,24
18725,90
18726,20
18727,27
18728,58
18729,37
18730,65
18731,28
18732,36
18733,45
18734,23
18735,69
18736,58
18737,22
18738,58
18739,53
18740,44
18741,31
18742,46
18743,48
18744,46
18745,43
18746,43
18747,17
18748,20
18749,22
18750,19
18751,35
18752,29
18753,18
18754,25
18755,54
18756,23
18757,36
18758,26
18759,25
18760,46
18761,41
18762,31
18763,48
18764,52
18765,22
18766,18
18767,46
18768,34
18769,30
18770,31
18771,21
18772,41
18773,45
18774,30
18775,21
18776,44
18777,54
18778,36
18779,50
18780,26
18781,47
18782,36
18783,32
18784,21
18785,30
18786,34
18787,51
18788,55
18789,43
18790,37
18791,28
18792,39
18793,35
18794,59
18795,26
18796,68
18797,46
18798,21
18799,23
18800,17
18801,23
18802,34
18803,33
18804,31
18805,31
18806,56
18807,21
18808,45
18809,41
18810,26
18811,41
18812,46
18813,47
18814,43
18815,35
18816,44
18817,58
18818,25
18819,44
18820,57
18821,24
18822,38
18823,33
18824,25
18825,33
18826,50
18827,35
18828,36
18829,27
18830,22
18831,30
18832,90
18833,39
18834,34
18835,39
18836,19
18837,19
18838,29
18839,66
18840,38
18841,44
18842,34
18843,35
18844,29
18845,22
18846,33
18847,73
18848,35
18849,41
18850,27
18851,25
18852,47
18853,36
18854,36
18855,25
18856,37
18857,26
18858,53
18859,36
18860,30
18861,53
18862,37
18863,41
18864,53
18865,23
18866,28
18867,53
18868,32
18869,33
18870,27
18871,52
18872,31
18873,27
18874,44
18875,37
18876,39
18877,18
18878,42
18879,49
18880,35
18881,43
18882,43
18883,31
18884,27
18885,46
18886,54
18887,37
18888,53
18889,26
18890,59
18891,36
18892,32
18893,53
18894,26
18895,35
18896,48
18897,30
18898,38
18899,58
18900,44
18901,30
18902,68
18903,26
18904,26
18905,41
18906,43
18907,48
18908,55
18909,50
18910,41
18911,52
18912,24
18913,31
18914,54
18915,31
18916,31
18917,47
18918,40
18919,46
18920,45
18921,39
18922,34
18923,48
18924,19
18925,56
18926,47
18927,35
18928,25
18929,43
18930,59
18931,66
18932,63
18933,32
18934,58
18935,43
18936,27
18937,21
18938,44
18939,40
18940,65
18941,50
18942,18
18943,51
18944,44
18945,20
18946,29
18947,50
18948,50
18949,43
18950,23
18951,41
18952,30
18953,58
18954,50
18955,37
18956,21
18957,33
18958,52
18959,47
18960,45
18961,34
18962,39
18963,31
18964,19
18965,45
18966,45
18967,34
18968,27
18969,37
18970,20
18971,32
18972,24
18973,39
18974,18
18975,62
18976,24
18977,37
18978,46
18979,44
18980,53
18981,25
18982,44
18983,24
18984,61
18985,45
18986,33
18987,48
18988,26
18989,40
18990,68
18991,24
18992,25
18993,31
18994,55
18995,46
18996,58
18997,56
18998,45
18999,24
19000,35
19001,51
19002,47
19003,17
19004,21
19005,45
19006,42
19007,56
19008,39
19009,31
19010,20
19011,65
19012,44
19013,33
19014,25
19015,38
19016,31
19017,33
19018,49
19019,28
19020,29
19021,23
19022,37
19023,52
19024,27
19025,47
19026,21
19027,41
19028,61
19029,32
19030,21
19031,63
19032,34
19033,21
19034,44
19035,26
19036,36
19037,39
19038,52
19039,44
19040,42
19041,60
19042,31
19043,30
19044,23
19045,81
19046,39
19047,38
19048,21
19049,28
19050,34
19051,47
19052,36
19053,27
19054,56
19055,57
19056,42
19057,43
19058,48
19059,53
19060,58
19061,19
19062,37
19063,41
19064,31
19065,31
19066,53
19067,19
19068,56
19069,55
19070,51
19071,62
19072,43
19073,45
19074,28
19075,46
19076,62
19077,57
19078,60
19079,23
19080,47
19081,21
19082,51
19083,61
19084,52
19085,76
19086,24
19087,31
19088,43
19089,58
19090,18
19091,19
19092,44
19093,41
19094,21
19095,40
19096,25
19097,62
19098,42
19099,35
19100,19
19101,60
19102,20
19103,23
19104,18
19105,40
19106,19
19107,51
19108,41
19109,18
19110,41
19111,27
19112,71
19113,25
19114,73
19115,45
19116,25
19117,50
19118,44
19119,44
19120,49
19121,44
19122,42
19123,20
19124,66
19125,19
19126,60
19127,46
19128,42
19129,59
19130,58
19131,47
19132,58
19133,69
19134,17
19135,19
19136,28
19137,37
19138,30
19139,36
19140,45
19141,59
19142,45
19143,53
19144,37
19145,26
19146,53
19147,44
19148,27
19149,22
19150,41
19151,53
19152,58
19153,34
19154,32
19155,32
19156,47
19157,27
19158,25
19159,40
19160,36
19161,23
19162,44
19163,19
19164,42
19165,60
19166,41
19167,45
19168,67
19169,36
19170,52
19171,28
19172,83
19173,17
19174,27
19175,35
19176,40
19177,23
19178,51
19179,51
19180,82
19181,28
19182,53
19183,29
19184,19
19185,30
19186,23
19187,66
19188,27
19189,35
19190,17
19191,27
19192,27
19193,44
19194,64
19195,62
19196,26
19197,40
19198,40
19199,35
19200,25
19201,52
19202,46
19203,30
19204,52
19205,28
19206,17
19207,46
19208,45
19209,21
19210,18
19211,17
19212,90
19213,23
19214,41
19215,19
19216,69
19217,23
19218,28
19219,37
19220,57
19221,30
19222,48
19223,73
19224,25
19225,33
19226,36
19227,28
19228,57
19229,31
19230,35
19231,40
19232,32
19233,35
19234,26
19235,27
19236,17
19237,29
19238,18
19239,20
19240,69
19241,18
19242,56
19243,40
19244,46
19245,41
19246,53
19247,50
19248,23
19249,40
19250,54
19251,45
19252,53
19253,17
19254,50
19255,22
19256,30
19257,40
19258,36
19259,25
19260,29
19261,29
19262,22
19263,56
19264,60
19265,37
19266,53
19267,23
19268,18
19269,36
19270,67
19271,31
19272,26
19273,18
19274,45
19275,64
19276,26
19277,53
19278,27
19279,32
19280,49
19281,59
19282,44
19283,61
19284,41
19285,46
19286,32
19287,29
19288,48
19289,32
19290,21
19291,50
19292,44
19293,51
19294,42
19295,27
19296,70
19297,33
19298,65
19299,39
19300,32
19301,30
19302,43
19303,31
19304,64
19305,37
19306,49
19307,29
19308,35
19309,37
19310,42
19311,21
19312,23
19313,35
19314,29
19315,23
19316,21
19317,45
19318,24
19319,38
19320,28
19321,23
19322,39
19323,45
19324,68
19325,60
19326,38
19327,41
19328,48
19329,33
19330,48
19331,23
19332,26
19333,55
19334,35
19335,52
19336,46
19337,72
19338,18
19339,62
19340,22
19341,40
19342,26
19343,35
19344,25
19345,46
19346,39
19347,41
19348,59
19349,37
19350,38
19351,33
19352,23
19353,67
19354,60
19355,39
19356,32
19357,26
19358,39
19359,28
19360,29
19361,43
19362,23
19363,32
19364,33
19365,45
19366,48
19367,43
19368,50
19369,63
19370,55
19371,22
19372,32
19373,27
19374,22
19375,44
19376,34
19377,28
19378,40
19379,45
19380,17
19381,53
19382,58
19383,55
19384,44
19385,40
19386,58
19387,38
19388,62
19389,31
19390,31
19391,30
19392,37
19393,38
19394,58
19395,30
19396,28
19397,46
19398,34
19399,39
19400,61
19401,30
19402,31
19403,21
19404,50
19405,47
19406,20
19407,23
19408,46
19409,20
19410,33
19411,30
19412,43
19413,23
19414,34
19415,25
19416,50
19417,44
19418,26
19419,35
19420,48
19421,26
19422,41
19423,25
19424,33
19425,24
19426,31
19427,24
19428,41
19429,38
19430,19
19431,19
19432,24
19433,59
19434,67
19435,49
19436,35
19437,44
19438,58
19439,22
19440,21
19441,50
19442,44
19443,36
19444,30
19445,52
19446,35
19447,48
19448,23
19449,37
19450,44
19451,44
19452,36
19453,26
19454,31
19455,23
19456,29
19457,53
19458,52
19459,55
19460,31
19461,19
19462,64
19463,55
19464,48
19465,20
19466,50
19467,45
19468,17
19469,38
19470,43
19471,22
19472,63
19473,36
19474,56
19475,43
19476,41
19477,41
19478,36
19479,59
19480,46
19481,23
19482,46
19483,53
19484,47
19485,46
19486,47
19487,29
19488,32
19489,90
19490,63
19491,23
19492,76
19493,23
19494,44
19495,81
19496,17
19497,56
19498,58
19499,45
19500,25
19501,36
19502,32
19503,25
19504,29
19505,23
19506,41
19507,48
19508,29
19509,27
19510,55
19511,30
19512,45
19513,50
19514,22
19515,80
19516,30
19517,20
19518,29
19519,56
19520,63
19521,20
19522,38
19523,31
19524,21
19525,47
19526,25
19527,31
19528,28
19529,38
19530,30
19531,39
19532,27
19533,26
19534,47
19535,27
19536,43
19537,32
19538,20
19539,21
19540,32
19541,37
19542,45
19543,37
19544,54
19545,24
19546,28
19547,23
19548,54
19549,40
19550,38
19551,71
19552,51
19553,52
19554,30
19555,34
19556,38
19557,43
19558,43
19559,36
19560,24
19561,29
19562,55
19563,51
19564,43
19565,28
19566,54
19567,47
19568,47
19569,47
19570,38
19571,60
19572,19
19573,22
19574,55
19575,44
19576,53
19577,44
19578,28
19579,30
19580,39
19581,43
19582,24
19583,27
19584,64
19585,41
19586,28
19587,61
19588,27
19589,49
19590,20
19591,41
19592,28
19593,36
19594,44
19595,51
19596,40
19597,19
19598,54
19599,55
19600,57
19601,29
19602,51
19603,44
19604,35
19605,40
19606,46
19607,25
19608,33
19609,32
19610,22
19611,39
19612,18
19613,43
19614,46
19615,63
19616,40
19617,59
19618,40
19619,23
19620,64
19621,36
19622,48
19623,43
19624,18
19625,17
19626,36
19627,53
19628,36
19629,20
19630,22
19631,34
19632,39
19633,57
19634,30
19635,37
19636,51
19637,38
19638,34
19639,47
19640,28
19641,25
19642,25
19643,50
19644,50
19645,43
19646,27
19647,32
19648,44
19649,19
19650,53
19651,21
19652,26
19653,68
19654,31
19655,32
19656,33
19657,49
19658,24
19659,30
19660,49
19661,18
19662,30
19663,51
19664,52
19665,52
19666,23
19667,23
19668,36
19669,19
19670,53
19671,17
19672,69
19673,46
19674,33
19675,40
19676,56
19677,29
19678,41
19679,22
19680,28
19681,31
19682,35
19683,38
19684,17
19685,39
19686,27
19687,50
19688,56
19689,80
19690,38
19691,52
19692,26
19693,43
19694,45
19695,41
19696,30
19697,24
19698,43
19699,44
19700,54
19701,23
19702,33
19703,18
19704,38
19705,41
19706,22
19707,66
19708,70
19709,58
19710,60
19711,24
19712,61
19713,35
19714,19
19715,52
19716,38
19717,39
19718,33
19719,52
19720,41
19721,37
19722,38
19723,27
19724,38
19725,38
19726,49
19727,38
19728,22
19729,40
19730,20
19731,34
19732,24
19733,58
19734,24
19735,43
19736,38
19737,42
19738,27
19739,18
19740,37
19741,48
19742,40
19743,50
19744,57
19745,36
19746,41
19747,90
19748,66
19749,34
19750,23
19751,35
19752,32
19753,33
19754,32
19755,31
19756,32
19757,40
19758,27
19759,34
19760,35
19761,29
19762,41
19763,33
19764,22
19765,52
19766,20
19767,18
19768,63
19769,49
19770,58
19771,23
19772,59
19773,49
19774,23
19775,17
19776,20
19777,36
19778,64
19779,34
19780,63
19781,51
19782,40
19783,55
19784,35
19785,30
19786,47
19787,29
19788,17
19789,32
19790,55
19791,47
19792,50
19793,42
19794,32
19795,60
19796,53
19797,58
19798,45
19799,31
19800,32
19801,37
19802,28
19803,26
19804,47
19805,34
19806,42
19807,48
19808,32
19809,35
19810,46
19811,38
19812,49
19813,35
19814,61
19815,45
19816,31
19817,52
19818,20
19819,64
19820,20
19821,24
19822,29
19823,23
19824,34
19825,54
19826,21
19827,23
19828,79
19829,55
19830,42
19831,60
19832,37
19833,47
19834,20
19835,53
19836,34
19837,43
19838,24
19839,23
19840,29
19841,58
19842,55
19843,40
19844,43
19845,25
19846,23
19847,34
19848,26
19849,60
19850,39
19851,21
19852,45
19853,33
19854,26
19855,39
19856,29
19857,29
19858,52
19859,34
19860,24
19861,77
19862,34
19863,53
19864,31
19865,58
19866,50
19867,32
19868,57
19869,32
19870,77
19871,37
19872,51
19873,33
19874,53
19875,32
19876,30
19877,19
19878,33
19879,31
19880,28
19881,19
19882,27
19883,21
19884,24
19885,46
19886,31
19887,60
19888,21
19889,38
19890,31
19891,26
19892,46
19893,25
19894,23
19895,53
19896,42
19897,29
19898,45
19899,70
19900,55
19901,40
19902,17
19903,18
19904,34
19905,41
19906,28
19907,23
19908,32
19909,56
19910,36
19911,26
19912,62
19913,35
19914,25
19915,28
19916,21
19917,31
19918,23
19919,58
19920,55
19921,54
19922,33
19923,28
19924,40
19925,33
19926,27
19927,55
19928,53
19929,23
19930,66
19931,34
19932,39
19933,21
19934,26
19935,21
19936,59
19937,61
19938,30
19939,22
19940,47
19941,50
19942,67
19943,59
19944,35
19945,56
19946,28
19947,34
19948,63
19949,48
19950,41
19951,26
19952,47
19953,29
19954,30
19955,19
19956,27
19957,59
19958,19
19959,45
19960,37
19961,44
19962,34
19963,30
19964,30
19965,56
19966,19
19967,37
19968,45
19969,21
19970,34
19971,27
19972,44
19973,33
19974,32
19975,37
19976,26
19977,49
19978,20
19979,37
19980,22
19981,44
19982,30
19983,55
19984,36
19985,29
19986,19
19987,45
19988,38
19989,42
19990,27
19991,20
19992,43
19993,21
19994,33
19995,36
19996,34
19997,72
19998,54
19999,30
20000,63
20001,36
20002,25
20003,72
20004,55
20005,44
20006,41
20007,20
20008,47
20009,71
20010,41
20011,35
20012,18
20013,23
20014,57
20015,56
20016,25
20017,64
20018,35
20019,61
20020,36
20021,18
20022,21
20023,43
20024,32
20025,52
20026,48
20027,40
20028,35
20029,22
20030,42
20031,60
20032,34
20033,27
20034,47
20035,65
20036,61
20037,18
20038,49
20039,48
20040,26
20041,30
20042,68
20043,23
20044,65
20045,32
20046,44
20047,48
20048,24
20049,58
20050,32
20051,54
20052,35
20053,35
20054,24
20055,50
20056,38
20057,57
20058,38
20059,49
20060,25
20061,56
20062,32
20063,22
20064,23
20065,33
20066,42
20067,62
20068,24
20069,26
20070,46
20071,33
20072,65
20073,65
20074,46
20075,43
20076,43
20077,35
20078,48
20079,55
20080,45
20081,56
20082,59
20083,56
20084,21
20085,26
20086,38
20087,27
20088,48
20089,37
20090,63
20091,27
20092,20
20093,26
20094,21
20095,51
20096,28
20097,39
20098,35
20099,21
20100,65
20101,54
20102,39
20103,24
20104,36
20105,70
20106,52
20107,64
20108,43
20109,44
20110,47
20111,32
20112,20
20113,33
20114,52
20115,49
20116,31
20117,62
20118,44
20119,28
20120,68
20121,40
20122,46
20123,22
20124,37
20125,62
20126,37
20127,35
20128,44
20129,41
20130,36
20131,26
20132,48
20133,21
20134,39
20135,38
20136,44
20137,56
20138,25
20139,32
20140,47
20141,26
20142,31
20143,23
20144,41
20145,55
20146,23
20147,45
20148,42
20149,29
20150,48
20151,36
20152,52
20153,46
20154,34
20155,27
20156,18
20157,18
20158,42
20159,64
20160,36
20161,20
20162,52
20163,44
20164,53
20165,36
20166,27
20167,52
20168,60
20169,41
20170,64
20171,25
20172,63
20173,54
20174,21
20175,27
20176,63
20177,37
20178,22
20179,54
20180,54
20181,60
20182,19
20183,25
20184,51
20185,47
20186,44
20187,18
20188,57
20189,22
20190,36
20191,33
20192,39
20193,49
20194,41
20195,35
20196,40
20197,30
20198,25
20199,25
20200,37
20201,53
20202,34
20203,22
20204,18
20205,52
20206,45
20207,19
20208,33
20209,45
20210,43
20211,40
20212,41
20213,25
20214,22
20215,52
20216,45
20217,32
20218,26
20219,24
20220,37
20221,49
20222,43
20223,35
20224,37
20225,17
20226,48
20227,40
20228,26
20229,35
20230,21
20231,54
20232,40
20233,51
20234,60
20235,22
20236,20
20237,21
20238,21
20239,43
20240,36
20241,65
20242,48
20243,37
20244,20
20245,41
20246,55
20247,39
20248,41
20249,80
20250,59
20251,52
20252,39
20253,56
20254,69
20255,49
20256,33
20257,28
20258,49
20259,51
20260,42
20261,66
20262,44
20263,26
20264,43
20265,28
20266,25
20267,17
20268,52
20269,34
20270,24
20271,41
20272,65
20273,36
20274,19
20275,43
20276,39
20277,48
20278,50
20279,21
20280,36
20281,33
20282,50
20283,49
20284,34
20285,70
20286,39
20287,44
20288,32
20289,40
20290,46
20291,21
20292,40
20293,47
20294,19
20295,22
20296,20
20297,46
20298,41
20299,17
20300,41
20301,28
20302,20
20303,24
20304,33
20305,44
20306,26
20307,47
20308,24
20309,58
20310,41
20311,38
20312,21
20313,33
20314,23
20315,40
20316,47
20317,41
20318,38
20319,50
20320,45
20321,65
20322,33
20323,34
20324,65
20325,24
20326,26
20327,55
20328,66
20329,43
20330,37
20331,22
20332,21
20333,69
20334,27
20335,48
20336,24
20337,18
20338,53
20339,26
20340,60
20341,21
20342,39
20343,45
20344,76
20345,19
20346,34
20347,54
20348,23
20349,44
20350,27
20351,23
20352,37
20353,41
20354,21
20355,37
20356,63
20357,35
20358,47
20359,41
20360,50
20361,26
20362,36
20363,47
20364,51
20365,41
20366,40
20367,32
20368,37
20369,40
20370,56
20371,50
20372,28
20373,28
20374,19
20375,44
20376,42
20377,47
20378,31
20379,61
20380,21
20381,26
20382,58
20383,35
20384,35
20385,29
20386,40
20387,33
20388,38
20389,50
20390,66
20391,36
20392,33
20393,55
20394,46
20395,36
20396,41
20397,30
20398,29
20399,60
20400,24
20401,42
20402,26
20403,37
20404,27
20405,26
20406,23
20407,60
20408,49
20409,46
20410,21
20411,48
20412,70
20413,44
20414,58
20415,41
20416,54
20417,42
20418,28
20419,65
20420,35
20421,82
20422,48
20423,44
20424,68
20425,42
20426,24
20427,54
20428,22
20429,43
20430,17
20431,46
20432,59
20433,37
20434,70
20435,57
20436,47
20437,31
20438,23
20439,17
20440,63
20441,44
20442,30
20443,23
20444,44
20445,24
20446,34
20447,37
20448,24
20449,32
20450,42
20451,20
20452,34
20453,37
20454,47
20455,25
20456,36
20457,60
20458,64
20459,32
20460,33
20461,71
20462,55
20463,85
20464,57
20465,39
20466,25
20467,58
20468,57
20469,30
20470,19
20471,40
20472,28
20473,43
20474,40
20475,19
20476,24
20477,34
20478,22
20479,64
20480,55
20481,26
20482,80
20483,79
20484,58
20485,43
20486,43
20487,46
20488,35
20489,51
20490,52
20491,43
20492,68
20493,34
20494,37
20495,22
20496,32
20497,65
20498,28
20499,37
20500,40
20501,40
20502,52
20503,35
20504,62
20505,49
20506,49
20507,47
20508,45
20509,37
20510,36
20511,36
20512,44
20513,51
20514,25
20515,28
20516,57
20517,46
20518,59
20519,28
20520,25
20521,35
20522,27
20523,29
20524,43
20525,38
20526,26
20527,55
20528,36
20529,37
20530,23
20531,34
20532,41
20533,44
20534,48
20535,35
20536,43
20537,57
20538,44
20539,28
20540,55
20541,52
20542,30
20543,31
20544,21
20545,50
20546,43
20547,33
20548,23
20549,35
20550,18
20551,21
20552,33
20553,30
20554,21
20555,36
20556,38
20557,33
20558,24
20559,24
20560,39
20561,43
20562,43
20563,62
20564,30
20565,25
20566,45
20567,22
20568,73
20569,26
20570,24
20571,18
20572,35
20573,22
20574,28
20575,38
20576,68
20577,40
20578,32
20579,42
20580,31
20581,33
20582,54
20583,63
20584,67
20585,47
20586,67
20587,33
20588,33
20589,25
20590,25
20591,35
20592,54
20593,35
20594,18
20595,54
20596,30
20597,29
20598,41
20599,40
20600,46
20601,39
20602,42
20603,49
20604,23
20605,34
20606,42
20607,31
20608,72
20609,31
20610,90
20611,27
20612,18
20613,30
20614,27
20615,27
20616,28
20617,40
20618,43
20619,26
20620,48
20621,41
20622,32
20623,23
20624,35
20625,42
20626,27
20627,34
20628,25
20629,46
20630,34
20631,39
20632,33
20633,25
20634,45
20635,46
20636,23
20637,37
20638,39
20639,38
20640,35
20641,49
20642,37
20643,45
20644,71
20645,44
20646,19
20647,38
20648,42
20649,29
20650,48
20651,56
20652,32
20653,19
20654,57
20655,55
20656,48
20657,46
20658,36
20659,66
20660,26
20661,58
20662,62
20663,31
20664,77
20665,25
20666,38
20667,33
20668,51
20669,20
20670,40
20671,20
20672,41
20673,44
20674,35
20675,35
20676,46
20677,24
20678,18
20679,37
20680,58
20681,55
20682,68
20683,41
20684,50
20685,48
20686,42
20687,45
20688,43
20689,37
20690,43
20691,36
20692,60
20693,27
20694,36
20695,47
20696,33
20697,19
20698,33
20699,34
20700,33
20701,57
20702,59
20703,36
20704,60
20705,33
20706,41
20707,20
20708,28
20709,24
20710,31
20711,38
20712,40
20713,55
20714,49
20715,33
20716,52
20717,24
20718,46
20719,20
20720,50
20721,22
20722,32
20723,46
20724,62
20725,39
20726,26
20727,20
20728,37
20729,40
20730,22
20731,32
20732,41
20733,24
20734,40
20735,37
20736,42
20737,56
20738,20
20739,55
20740,29
20741,37
20742,61
20743,26
20744,49
20745,18
20746,30
20747,24
20748,24
20749,37
20750,37
20751,36
20752,40
20753,44
20754,43
20755,19
20756,50
20757,17
20758,39
20759,43
20760,43
20761,40
20762,31
20763,25
20764,30
20765,55
20766,55
20767,29
20768,28
20769,30
20770,33
20771,23
20772,71
20773,22
20774,21
20775,62
20776,22
20777,49
20778,31
20779,27
20780,27
20781,26
20782,30
20783,17
20784,26
20785,45
20786,50
20787,31
20788,51
20789,56
20790,24
20791,29
20792,26
20793,51
20794,32
20795,47
20796,30
20797,41
20798,49
20799,40
20800,62
20801,43
20802,76
20803,40
20804,35
20805,27
20806,54
20807,55
20808,21
20809,20
20810,39
20811,26
20812,20
20813,28
20814,56
20815,39
20816,44
20817,55
20818,54
20819,30
20820,34
20821,42
20822,50
20823,34
20824,23
20825,27
20826,81
20827,47
20828,57
20829,65
20830,33
20831,37
20832,53
20833,27
20834,47
20835,42
20836,39
20837,58
20838,20
20839,19
20840,39
20841,51
20842,52
20843,53
20844,50
20845,36
20846,30
20847,30
20848,50
20849,76
20850,46
20851,24
20852,26
20853,56
20854,50
20855,22
20856,23
20857,51
20858,58
20859,38
20860,45
20861,55
20862,45
20863,42
20864,44
20865,60
20866,27
20867,25
20868,61
20869,43
20870,44
20871,63
20872,46
20873,47
20874,37
20875,43
20876,46
20877,48
20878,61
20879,53
20880,79
20881,44
20882,54
20883,22
20884,47
20885,18
20886,25
20887,24
20888,37
20889,51
20890,35
20891,59
20892,46
20893,45
20894,19
20895,22
20896,41
20897,33
20898,26
20899,22
20900,29
20901,22
20902,34
20903,23
20904,20
20905,25
20906,59
20907,44
20908,55
20909,77
20910,42
20911,47
20912,42
20913,45
20914,23
20915,60
20916,23
20917,52
20918,49
20919,20
20920,20
20921,23
20922,30
20923,45
20924,30
20925,17
20926,22
20927,25
20928,52
20929,40
20930,18
20931,58
20932,30
20933,59
20934,29
20935,26
20936,39
20937,33
20938,21
20939,22
20940,25
20941,19
20942,44
20943,35
20944,40
20945,19
20946,37
20947,32
20948,52
20949,36
20950,38
20951,57
20952,22
20953,80
20954,20
20955,40
20956,36
20957,27
20958,52
20959,43
20960,35
20961,29
20962,27
20963,24
20964,49
20965,26
20966,47
20967,20
20968,19
20969,34
20970,20
20971,23
20972,25
20973,21
20974,25
20975,63
20976,25
20977,28
20978,39
20979,28
20980,30
20981,41
20982,52
20983,36
20984,47
20985,27
20986,32
20987,52
20988,50
20989,21
20990,60
20991,47
20992,54
20993,32
20994,61
20995,21
20996,29
20997,36
20998,38
20999,59
21000,43
21001,19
21002,42
21003,33
21004,47
21005,51
21006,28
21007,61
21008,23
21009,31
21010,38
21011,21
21012,22
21013,35
21014,53
21015,40
21016,36
21017,33
21018,23
21019,51
21020,31
21021,28
21022,26
21023,32
21024,43
21025,19
21026,46
21027,49
21028,31
21029,45
21030,41
21031,22
21032,25
21033,46
21034,44
21035,25
21036,30
21037,54
21038,34
21039,34
21040,30
21041,21
21042,27
21043,29
21044,60
21045,36
21046,27
21047,57
21048,24
21049,63
21050,29
21051,34
21052,27
21053,31
21054,31
21055,55
21056,64
21057,20
21058,44
21059,35
21060,41
21061,38
21062,21
21063,64
21064,42
21065,31
21066,42
21067,35
21068,36
21069,23
21070,20
21071,26
21072,56
21073,40
21074,19
21075,33
21076,45
21077,41
21078,29
21079,46
21080,48
21081,38
21082,29
21083,35
21084,59
21085,27
21086,43
21087,70
21088,30
21089,24
21090,76
21091,25
21092,39
21093,36
21094,23
21095,60
21096,20
21097,54
21098,20
21099,22
21100,24
21101,41
21102,35
21103,23
21104,54
21105,17
21106,43
21107,33
21108,30
21109,38
21110,54
21111,39
21112,32
21113,61
21114,24
21115,22
21116,34
21117,18
21118,20
21119,53
21120,32
21121,68
21122,28
21123,28
21124,54
21125,21
21126,52
21127,25
21128,30
21129,33
21130,49
21131,58
21132,45
21133,67
21134,42
21135,69
21136,61
21137,34
21138,28
21139,19
21140,31
21141,32
21142,76
21143,53
21144,46
21145,43
21146,48
21147,39
21148,59
21149,19
21150,40
21151,63
21152,44
21153,46
21154,22
21155,36
21156,57
21157,58
21158,25
21159,59
21160,36
21161,29
21162,49
21163,42
21164,43
21165,46
21166,43
21167,40
21168,43
21169,48
21170,26
21171,30
21172,58
21173,43
21174,53
21175,74
21176,64
21177,45
21178,32
21179,23
21180,38
21181,42
21182,24
21183,63
21184,25
21185,37
21186,28
21187,31
21188,46
21189,44
21190,42
21191,45
21192,52
21193,40
21194,26
21195,55
21196,17
21197,27
21198,71
21199,35
21200,17
21201,26
21202,22
21203,51
21204,33
21205,41
21206,50
21207,26
21208,21
21209,53
21210,32
21211,19
21212,22
21213,58
21214,47
21215,51
21216,42
21217,28
21218,29
21219,50
21220,22
21221,47
21222,60
21223,46
21224,58
21225,62
21226,47
21227,59
21228,41
21229,31
21230,18
21231,64
21232,51
21233,47
21234,68
21235,32
21236,39
21237,37
21238,29
21239,44
21240,46
21241,40
21242,19
21243,65
21244,52
21245,40
21246,61
21247,30
21248,61
21249,33
21250,32
21251,32
21252,32
21253,37
21254,53
21255,51
21256,29
21257,48
21258,69
21259,28
21260,55
21261,45
21262,18
21263,60
21264,38
21265,19
21266,18
21267,33
21268,33
21269,29
21270,37
21271,50
21272,19
21273,28
21274,43
21275,23
21276,47
21277,21
21278,19
21279,47
21280,36
21281,62
21282,65
21283,46
21284,35
21285,50
21286,20
21287,17
21288,33
21289,57
21290,53
21291,47
21292,62
21293,35
21294,27
21295,23
21296,27
21297,39
21298,25
21299,24
21300,23
21301,29
21302,30
21303,34
21304,32
21305,18
21306,20
21307,38
21308,18
21309,41
21310,21
21311,36
21312,61
21313,30
21314,26
21315,27
21316,45
21317,47
21318,19
21319,29
21320,51
21321,34
21322,42
21323,26
21324,20
21325,43
21326,20
21327,27
21328,46
21329,39
21330,33
21331,42
21332,23
21333,29
21334,27
21335,43
21336,23
21337,40
21338,35
21339,30
21340,59
21341,65
21342,28
21343,79
21344,43
21345,54
21346,27
21347,30
21348,22
21349,34
21350,18
21351,40
21352,28
21353,18
21354,46
21355,23
21356,77
21357,41
21358,48
21359,29
21360,41
21361,41
21362,34
21363,49
21364,49
21365,30
21366,28
21367,62
21368,41
21369,20
21370,61
21371,30
21372,29
21373,50
21374,44
21375,25
21376,62
21377,57
21378,35
21379,26
21380,60
21381,22
21382,62
21383,26
21384,26
21385,44
21386,32
21387,66
21388,24
21389,19
21390,54
21391,37
21392,38
21393,37
21394,22
21395,34
21396,35
21397,42
21398,47
21399,29
21400,34
21401,38
21402,62
21403,35
21404,37
21405,47
21406,37
21407,22
21408,60
21409,31
21410,74
21411,63
21412,30
21413,44
21414,40
21415,35
21416,50
21417,18
21418,33
21419,59
21420,17
21421,47
21422,51
21423,26
21424,32
21425,55
21426,36
21427,54
21428,19
21429,32
21430,52
21431,39
21432,39
21433,59
21434,55
21435,54
21436,31
21437,19
21438,30
21439,47
21440,31
21441,32
21442,33
21443,31
21444,32
21445,46
21446,29
21447,41
21448,39
21449,34
21450,23
21451,53
21452,45
21453,34
21454,47
21455,24
21456,42
21457,53
21458,38
21459,26
21460,18
21461,43
21462,26
21463,47
21464,26
21465,21
21466,32
21467,48
21468,39
21469,58
21470,55
21471,40
21472,33
21473,74
21474,49
21475,56
21476,29
21477,25
21478,57
21479,29
21480,28
21481,59
21482,30
21483,28
21484,19
21485,40
21486,28
21487,48
21488,20
21489,58
21490,19
21491,75
21492,24
21493,31
21494,28
21495,41
21496,23
21497,46
21498,33
21499,34
21500,47
21501,81
21502,45
21503,35
21504,59
21505,46
21506,39
21507,23
21508,25
21509,37
21510,49
21511,25
21512,32
21513,34
21514,40
21515,33
21516,78
21517,31
21518,61
21519,22
21520,29
21521,37
21522,35
21523,52
21524,37
21525,18
21526,37
21527,46
21528,25
21529,47
21530,55
21531,32
21532,25
21533,50
21534,18
21535,25
21536,23
21537,51
21538,47
21539,37
21540,37
21541,27
21542,19
21543,52
21544,25
21545,17
21546,21
21547,41
21548,55
21549,20
21550,24
21551,41
21552,23
21553,33
21554,29
21555,50
21556,37
21557,48
21558,19
21559,40
21560,30
21561,65
21562,44
21563,32
21564,41
21565,28
21566,44
21567,39
21568,59
21569,31
21570,34
21571,20
21572,33
21573,52
21574,31
21575,39
21576,35
21577,37
21578,44
21579,28
21580,17
21581,23
21582,35
21583,19
21584,30
21585,27
21586,29
21587,27
21588,37
21589,44
21590,34
21591,43
21592,41
21593,34
21594,23
21595,51
21596,24
21597,38
21598,24
21599,53
21600,33
21601,24
21602,45
21603,31
21604,38
21605,28
21606,38
21607,25
21608,29
21609,29
21610,48
21611,24
21612,31
21613,36
21614,62
21615,25
21616,55
21617,21
21618,60
21619,41
21620,43
21621,30
21622,47
21623,50
21624,41
21625,23
21626,38
21627,30
21628,35
21629,25
21630,61
21631,71
21632,35
21633,35
21634,38
21635,27
21636,51
21637,55
21638,45
21639,33
21640,25
21641,52
21642,46
21643,34
21644,52
21645,47
21646,46
21647,36
21648,69
21649,34
21650,36
21651,31
21652,31
21653,38
21654,57
21655,24
21656,37
21657,69
21658,39
21659,38
21660,34
21661,21
21662,21
21663,61
21664,35
21665,29
21666,18
21667,41
21668,42
21669,52
21670,38
21671,51
21672,55
21673,20
21674,23
21675,24
21676,48
21677,22
21678,22
21679,28
21680,28
21681,34
21682,25
21683,48
21684,32
21685,31
21686,65
21687,56
21688,22
21689,27
21690,27
21691,30
21692,33
21693,50
21694,19
21695,42
21696,37
21697,26
21698,32
21699,43
21700,47
21701,26
21702,24
21703,34
21704,33
21705,35
21706,57
21707,45
21708,42
21709,25
21710,56
21711,25
21712,23
21713,35
21714,28
21715,41
21716,26
21717,37
21718,22
21719,30
21720,42
21721,38
21722,49
21723,27
21724,43
21725,68
21726,41
21727,25
21728,23
21729,68
21730,17
21731,45
21732,45
21733,30
21734,49
21735,42
21736,29
21737,21
21738,20
21739,59
21740,26
21741,25
21742,33
21743,35
21744,45
21745,66
21746,67
21747,33
21748,38
21749,72
21750,21
21751,39
21752,41
21753,22
21754,49
21755,24
21756,25
21757,26
21758,50
21759,23
21760,41
21761,60
21762,67
21763,77
21764,62
21765,22
21766,37
21767,17
21768,52
21769,31
21770,23
21771,27
21772,38
21773,23
21774,22
21775,61
21776,55
21777,23
21778,39
21779,38
21780,25
21781,25
21782,66
21783,30
21784,32
21785,43
21786,18
21787,20
21788,20
21789,34
21790,33
21791,40
21792,33
21793,30
21794,41
21795,20
21796,40
21797,44
21798,50
21799,38
21800,30
21801,45
21802,25
21803,22
21804,25
21805,63
21806,55
21807,26
21808,22
21809,41
21810,21
21811,39
21812,82
21813,18
21814,60
21815,22
21816,39
21817,34
21818,50
21819,53
21820,27
21821,37
21822,25
21823,33
21824,34
21825,35
21826,51
21827,33
21828,57
21829,25
21830,56
21831,34
21832,36
21833,46
21834,55
21835,88
21836,60
21837,40
21838,21
21839,46
21840,56
21841,36
21842,67
21843,35
21844,20
21845,34
21846,23
21847,19
21848,19
21849,25
21850,53
21851,18
21852,31
21853,33
21854,33
21855,45
21856,35
21857,20
21858,36
21859,36
21860,51
21861,45
21862,45
21863,24
21864,28
21865,63
21866,35
21867,25
21868,36
21869,44
21870,49
21871,52
21872,27
21873,35
21874,51
21875,49
21876,35
21877,28
21878,37
21879,65
21880,24
21881,30
21882,38
21883,58
21884,57
21885,40
21886,42
21887,31
21888,17
21889,42
21890,25
21891,40
21892,65
21893,29
21894,31
21895,71
21896,34
21897,25
21898,40
21899,67
21900,40
21901,18
21902,38
21903,38
21904,42
21905,36
21906,23
21907,56
21908,36
21909,22
21910,39
21911,36
21912,44
21913,38
21914,19
21915,37
21916,57
21917,54
21918,18
21919,22
21920,63
21921,38
21922,26
21923,40
21924,20
21925,39
21926,28
21927,30
21928,42
21929,42
21930,21
21931,40
21932,36
21933,67
21934,65
21935,50
21936,18
21937,31
21938,36
21939,20
21940,34
21941,24
21942,38
21943,17
21944,52
21945,34
21946,30
21947,49
21948,45
21949,46
21950,34
21951,21
21952,17
21953,23
21954,32
21955,22
21956,48
21957,27
21958,43
21959,44
21960,55
21961,31
21962,34
21963,34
21964,37
21965,21
21966,35
21967,28
21968,62
21969,40
21970,34
21971,32
21972,70
21973,23
21974,30
21975,57
21976,34
21977,24
21978,41
21979,38
21980,48
21981,43
21982,18
21983,35
21984,42
21985,30
21986,42
21987,48
21988,70
21989,37
21990,51
21991,35
21992,59
21993,57
21994,26
21995,26
21996,19
21997,34
21998,56
21999,25
22000,46
22001,22
22002,32
22003,72
22004,36
22005,28
22006,76
22007,37
22008,42
22009,44
22010,33
22011,53
22012,28
22013,69
22014,20
22015,33
22016,47
22017,50
22018,22
22019,20
22020,42
22021,23
22022,24
22023,32
22024,41
22025,35
22026,40
22027,25
22028,34
22029,23
22030,30
22031,55
22032,26
22033,42
22034,39
22035,52
22036,42
22037,25
22038,27
22039,30
22040,23
22041,47
22042,58
22043,18
22044,52
22045,24
22046,58
22047,35
22048,31
22049,46
22050,43
22051,21
22052,52
22053,24
22054,22
22055,39
22056,34
22057,58
22058,26
22059,29
22060,67
22061,28
22062,62
22063,54
22064,36
22065,18
22066,25
22067,48
22068,56
22069,30
22070,41
22071,59
22072,36
22073,30
22074,27
22075,19
22076,30
22077,47
22078,39
22079,31
22080,44
22081,37
22082,28
22083,38
22084,26
22085,44
22086,40
22087,53
22088,31
22089,18
22090,43
22091,30
22092,19
22093,36
22094,19
22095,25
22096,36
22097,22
22098,42
22099,33
22100,38
22101,21
22102,33
22103,52
22104,30
22105,18
22106,24
22107,17
22108,48
22109,66
22110,46
22111,55
22112,28
22113,33
22114,44
22115,43
22116,42
22117,39
22118,23
22119,20
22120,29
22121,54
22122,34
22123,30
22124,59
22125,40
22126,37
22127,45
22128,55
22129,49
22130,67
22131,49
22132,30
22133,56
22134,29
22135,33
22136,25
22137,28
22138,23
22139,39
22140,37
22141,39
22142,32
22143,26
22144,57
22145,36
22146,30
22147,27
22148,21
22149,22
22150,43
22151,20
22152,30
22153,57
22154,42
22155,29
22156,44
22157,28
22158,42
22159,26
22160,29
22161,42
22162,30
22163,21
22164,59
22165,21
22166,56
22167,39
22168,21
22169,48
22170,35
22171,43
22172,23
22173,17
22174,41
22175,35
22176,22
22177,53
22178,42
22179,36
22180,44
22181,27
22182,39
22183,59
22184,34
22185,17
22186,31
22187,59
22188,39
22189,46
22190,31
22191,27
22192,18
22193,46
22194,55
22195,48
22196,53
22197,44
22198,43
22199,50
22200,56
22201,27
22202,20
22203,18
22204,34
22205,38
22206,40
22207,55
22208,35
22209,26
22210,54
22211,22
22212,52
22213,33
22214,42
22215,19
22216,45
22217,53
22218,46
22219,25
22220,90
22221,33
22222,45
22223,47
22224,38
22225,35
22226,37
22227,53
22228,56
22229,18
22230,44
22231,50
22232,26
22233,36
22234,37
22235,32
22236,38
22237,62
22238,46
22239,41
22240,37
22241,27
22242,38
22243,35
22244,34
22245,50
22246,28
22247,67
22248,34
22249,19
22250,23
22251,50
22252,45
22253,17
22254,59
22255,25
22256,21
22257,50
22258,17
22259,63
22260,31
22261,45
22262,25
22263,20
22264,31
22265,42
22266,56
22267,47
22268,69
22269,42
22270,19
22271,56
22272,33
22273,61
22274,38
22275,50
22276,39
22277,35
22278,27
22279,40
22280,59
22281,20
22282,42
22283,59
22284,54
22285,38
22286,53
22287,20
22288,54
22289,41
22290,33
22291,35
22292,22
22293,45
22294,29
22295,56
22296,23
22297,30
22298,17
22299,35
22300,25
22301,42
22302,42
22303,19
22304,32
22305,44
22306,53
22307,47
22308,24
22309,30
22310,42
22311,19
22312,37
22313,26
22314,25
22315,52
22316,50
22317,40
22318,32
22319,37
22320,42
22321,47
22322,47
22323,28
22324,27
22325,61
22326,47
22327,30
22328,54
22329,56
22330,69
22331,30
22332,36
22333,42
22334,45
22335,39
22336,26
22337,28
22338,31
22339,32
22340,51
22341,29
22342,38
22343,64
22344,26
22345,68
22346,32
22347,29
22348,51
22349,21
22350,26
22351,33
22352,26
22353,52
22354,31
22355,29
22356,19
22357,51
22358,45
22359,20
22360,40
22361,43
22362,52
22363,46
22364,24
22365,20
22366,38
22367,44
22368,24
22369,32
22370,49
22371,36
22372,31
22373,46
22374,46
22375,46
22376,29
22377,37
22378,44
22379,28
22380,28
22381,48
22382,52
22383,19
22384,31
22385,47
22386,37
22387,22
22388,46
22389,51
22390,50
22391,38
22392,40
22393,58
22394,36
22395,26
22396,17
22397,49
22398,39
22399,46
22400,26
22401,40
22402,53
22403,60
22404,28
22405,22
22406,31
22407,45
22408,34
22409,27
22410,40
22411,68
22412,51
22413,55
22414,43
22415,23
22416,48
22417,42
22418,51
22419,32
22420,34
22421,31
22422,71
22423,17
22424,37
22425,26
22426,17
22427,34
22428,46
22429,33
22430,41
22431,59
22432,50
22433,46
22434,45
22435,27
22436,31
22437,32
22438,28
22439,32
22440,36
22441,39
22442,23
22443,44
22444,37
22445,36
22446,45
22447,43
22448,49
22449,37
22450,26
22451,34
22452,51
22453,24
22454,67
22455,40
22456,32
22457,21
22458,39
22459,33
22460,48
22461,21
22462,68
22463,24
22464,24
22465,23
22466,40
22467,48
22468,42
22469,45
22470,31
22471,53
22472,25
22473,32
22474,34
22475,41
22476,57
22477,25
22478,40
22479,17
22480,17
22481,82
22482,40
22483,26
22484,37
22485,25
22486,65
22487,39
22488,36
22489,37
22490,23
22491,34
22492,63
22493,59
22494,49
22495,62
22496,17
22497,28
22498,45
22499,40
22500,45
22501,20
22502,19
22503,59
22504,41
22505,49
22506,37
22507,31
22508,21
22509,27
22510,20
22511,51
22512,46
22513,48
22514,39
22515,50
22516,41
22517,21
22518,54
22519,40
22520,44
22521,50
22522,42
22523,34
22524,46
22525,35
22526,38
22527,37
22528,30
22529,22
22530,21
22531,40
22532,56
22533,48
22534,21
22535,52
22536,60
22537,45
22538,30
22539,31
22540,43
22541,36
22542,42
22543,28
22544,62
22545,65
22546,45
22547,47
22548,43
22549,24
22550,44
22551,25
22552,21
22553,29
22554,21
22555,41
22556,64
22557,55
22558,42
22559,63
22560,21
22561,28
22562,45
22563,21
22564,34
22565,53
22566,45
22567,47
22568,41
22569,35
22570,43
22571,53
22572,34
22573,46
22574,59
22575,53
22576,33
22577,45
22578,48
22579,42
22580,55
22581,46
22582,17
22583,23
22584,21
22585,53
22586,61
22587,58
22588,36
22589,45
22590,39
22591,39
22592,48
22593,41
22594,30
22595,50
22596,51
22597,23
22598,41
22599,47
22600,51
22601,60
22602,51
22603,20
22604,29
22605,42
22606,32
22607,19
22608,34
22609,48
22610,38
22611,38
22612,40
22613,39
22614,38
22615,26
22616,23
22617,20
22618,49
22619,23
22620,47
22621,43
22622,56
22623,60
22624,29
22625,25
22626,39
22627,37
22628,38
22629,47
22630,50
22631,64
22632,35
22633,25
22634,42
22635,51
22636,21
22637,53
22638,29
22639,34
22640,37
22641,20
22642,18
22643,57
22644,47
22645,27
22646,23
22647,36
22648,48
22649,40
22650,51
22651,59
22652,32
22653,39
22654,32
22655,38
22656,44
22657,51
22658,54
22659,22
22660,19
22661,31
22662,53
22663,28
22664,19
22665,40
22666,21
22667,39
22668,40
22669,36
22670,18
22671,32
22672,50
22673,18
22674,19
22675,53
22676,49
22677,40
22678,31
22679,47
22680,35
22681,47
22682,43
22683,51
22684,54
22685,76
22686,33
22687,19
22688,49
22689,26
22690,23
22691,49
22692,24
22693,48
22694,36
22695,33
22696,31
22697,53
22698,22
22699,43
22700,31
22701,53
22702,36
22703,47
22704,52
22705,39
22706,24
22707,17
22708,53
22709,21
22710,29
22711,34
22712,28
22713,61
22714,20
22715,47
22716,40
22717,26
22718,53
22719,26
22720,39
22721,17
22722,46
22723,34
22724,45
22725,23
22726,41
22727,26
22728,28
22729,18
22730,38
22731,66
22732,28
22733,49
22734,29
22735,43
22736,34
22737,30
22738,25
22739,27
22740,25
22741,22
22742,26
22743,49
22744,44
22745,37
22746,39
22747,33
22748,41
22749,65
22750,40
22751,26
22752,31
22753,28
22754,71
22755,25
22756,25
22757,19
22758,36
22759,56
22760,34
22761,39
22762,31
22763,22
22764,44
22765,60
22766,65
22767,44
22768,53
22769,28
22770,41
22771,40
22772,35
22773,41
22774,28
22775,53
22776,26
22777,28
22778,27
22779,27
22780,26
22781,53
22782,34
22783,50
22784,30
22785,47
22786,27
22787,55
22788,21
22789,35
22790,31
22791,39
22792,30
22793,39
22794,19
22795,25
22796,57
22797,21
22798,30
22799,25
22800,32
22801,26
22802,42
22803,39
22804,48
22805,24
22806,46
22807,53
22808,36
22809,34
22810,25
22811,33
22812,45
22813,31
22814,21
22815,33
22816,44
22817,34
22818,30
22819,32
22820,46
22821,29
22822,20
22823,35
22824,35
22825,29
22826,21
22827,43
22828,33
22829,61
22830,42
22831,33
22832,35
22833,32
22834,22
22835,61
22836,28
22837,24
22838,58
22839,42
22840,56
22841,26
22842,25
22843,59
22844,65
22845,57
22846,36
22847,42
22848,18
22849,18
22850,28
22851,20
22852,19
22853,28
22854,37
22855,23
22856,60
22857,17
22858,37
22859,29
22860,34
22861,36
22862,37
22863,47
22864,22
22865,61
22866,57
22867,33
22868,54
22869,40
22870,40
22871,40
22872,35
22873,32
22874,49
22875,31
22876,58
22877,26
22878,35
22879,25
22880,43
22881,32
22882,45
22883,48
22884,31
22885,20
22886,28
22887,50
22888,22
22889,19
22890,38
22891,23
22892,24
22893,26
22894,45
22895,88
22896,19
22897,24
22898,84
22899,48
22900,46
22901,31
22902,58
22903,35
22904,36
22905,36
22906,47
22907,57
22908,30
22909,30
22910,19
22911,30
22912,23
22913,41
22914,52
22915,27
22916,59
22917,21
22918,60
22919,69
22920,24
22921,19
22922,60
22923,64
22924,39
22925,51
22926,51
22927,25
22928,17
22929,37
22930,74
22931,26
22932,23
22933,57
22934,20
22935,37
22936,46
22937,39
22938,40
22939,50
22940,25
22941,44
22942,41
22943,30
22944,38
22945,54
22946,40
22947,37
22948,46
22949,38
22950,20
22951,71
22952,35
22953,62
22954,34
22955,56
22956,30
22957,17
22958,18
22959,35
22960,21
22961,46
22962,33
22963,27
22964,36
22965,42
22966,35
22967,25
22968,47
22969,44
22970,51
22971,53
22972,47
22973,20
22974,32
22975,28
22976,58
22977,52
22978,35
22979,30
22980,33
22981,56
22982,21
22983,56
22984,56
22985,45
22986,20
22987,62
22988,24
22989,52
22990,23
22991,36
22992,40
22993,30
22994,41
22995,59
22996,27
22997,19
22998,41
22999,27
23000,50
23001,29
23002,38
23003,30
23004,48
23005,39
23006,40
23007,27
23008,59
23009,31
23010,34
23011,47
23012,64
23013,29
23014,38
23015,42
23016,49
23017,53
23018,35
23019,70
23020,38
23021,36
23022,34
23023,24
23024,23
23025,21
23026,47
23027,59
23028,33
23029,63
23030,18
23031,32
23032,33
23033,19
23034,27
23035,40
23036,38
23037,20
23038,35
23039,22
23040,40
23041,34
23042,23
23043,26
23044,53
23045,34
23046,39
23047,25
23048,18
23049,65
23050,49
23051,64
23052,68
23053,56
23054,68
23055,35
23056,50
23057,45
23058,43
23059,39
23060,37
23061,45
23062,20
23063,36
23064,26
23065,36
23066,47
23067,34
23068,53
23069,32
23070,44
23071,25
23072,35
23073,34
23074,42
23075,47
23076,23
23077,56
23078,50
23079,38
23080,46
23081,47
23082,38
23083,42
23084,48
23085,27
23086,40
23087,53
23088,75
23089,39
23090,46
23091,51
23092,34
23093,23
23094,32
23095,45
23096,21
23097,36
23098,40
23099,20
23100,68
23101,40
23102,20
23103,48
23104,27
23105,57
23106,54
23107,47
23108,30
23109,17
23110,35
23111,56
23112,20
23113,38
23114,19
23115,24
23116,31
23117,44
23118,21
23119,41
23120,18
23121,23
23122,37
23123,46
23124,43
23125,31
23126,40
23127,27
23128,64
23129,31
23130,48
23131,37
23132,28
23133,42
23134,60
23135,17
23136,21
23137,46
23138,18
23139,22
23140,44
23141,36
23142,65
23143,26
23144,21
23145,41
23146,28
23147,27
23148,19
23149,40
23150,19
23151,40
23152,37
23153,33
23154,34
23155,44
23156,33
23157,72
23158,19
23159,59
23160,40
23161,35
23162,22
23163,41
23164,59
23165,50
23166,21
23167,40
23168,22
23169,43
23170,17
23171,42
23172,37
23173,19
23174,43
23175,46
23176,18
23177,50
23178,47
23179,31
23180,33
23181,27
23182,59
23183,39
23184,29
23185,26
23186,24
23187,25
23188,30
23189,52
23190,51
23191,30
23192,19
23193,23
23194,37
23195,25
23196,49
23197,30
23198,40
23199,20
23200,35
23201,24
23202,32
23203,35
23204,20
23205,29
23206,25
23207,50
23208,24
23209,49
23210,30
23211,37
23212,50
23213,20
23214,49
23215,55
23216,61
23217,22
23218,23
23219,43
23220,39
23221,21
23222,52
23223,30
23224,42
23225,50
23226,51
23227,47
23228,49
23229,45
23230,48
23231,36
23232,20
23233,61
23234,72
23235,19
23236,54
23237,47
23238,39
23239,24
23240,44
23241,19
23242,20
23243,23
23244,58
23245,20
23246,62
23247,25
23248,67
23249,37
23250,36
23251,38
23252,23
23253,28
23254,25
23255,41
23256,63
23257,60
23258,31
23259,29
23260,37
23261,51
23262,45
23263,27
23264,18
23265,34
23266,66
23267,19
23268,36
23269,35
23270,27
23271,29
23272,25
23273,22
23274,41
23275,20
23276,52
23277,34
23278,44
23279,50
23280,49
23281,36
23282,71
23283,20
23284,20
23285,59
23286,41
23287,38
23288,55
23289,17
23290,45
23291,43
23292,19
23293,33
23294,63
23295,39
23296,34
23297,31
23298,21
23299,23
23300,20
23301,45
23302,59
23303,58
23304,66
23305,37
23306,29
23307,32
23308,39
23309,57
23310,57
23311,50
23312,44
23313,56
23314,26
23315,22
23316,26
23317,33
23318,36
23319,45
23320,56
23321,23
23322,23
23323,35
23324,39
23325,45
23326,21
23327,56
23328,31
23329,44
23330,21
23331,31
23332,20
23333,17
23334,44
23335,19
23336,71
23337,23
23338,21
23339,29
23340,33
23341,46
23342,21
23343,36
23344,70
23345,19
23346,29
23347,34
23348,26
23349,30
23350,34
23351,24
23352,28
23353,24
23354,76
23355,19
23356,45
23357,24
23358,37
23359,24
23360,24
23361,40
23362,20
23363,23
23364,25
23365,64
23366,53
23367,28
23368,52
23369,28
23370,31
23371,77
23372,22
23373,17
23374,38
23375,45
23376,25
23377,50
23378,53
23379,24
23380,33
23381,57
23382,39
23383,30
23384,31
23385,39
23386,30
23387,48
23388,62
23389,39
23390,34
23391,45
23392,32
23393,40
23394,17
23395,19
23396,25
23397,42
23398,66
23399,63
23400,43
23401,26
23402,23
23403,39
23404,47
23405,36
23406,35
23407,25
23408,21
23409,46
23410,43
23411,31
23412,41
23413,50
23414,36
23415,31
23416,45
23417,50
23418,52
23419,40
23420,55
23421,64
23422,51
23423,30
23424,56
23425,35
23426,55
23427,30
23428,34
23429,36
23430,43
23431,24
23432,30
23433,33
23434,32
23435,29
23436,50
23437,18
23438,20
23439,45
23440,22
23441,45
23442,41
23443,42
23444,24
23445,22
23446,28
23447,23
23448,21
23449,23
23450,45
23451,41
23452,49
23453,38
23454,37
23455,70
23456,24
23457,28
23458,24
23459,83
23460,69
23461,37
23462,28
23463,54
23464,71
23465,56
23466,27
23467,42
23468,21
23469,29
23470,27
23471,32
23472,31
23473,38
23474,55
23475,48
23476,58
23477,23
23478,28
23479,49
23480,51
23481,23
23482,40
23483,59
23484,47
23485,37
23486,39
23487,43
23488,40
23489,48
23490,29
23491,48
23492,37
23493,19
23494,28
23495,56
23496,45
23497,60
23498,53
23499,37
23500,31
23501,29
23502,31
23503,39
23504,31
23505,42
23506,17
23507,19
23508,24
23509,62
23510,34
23511,47
23512,58
23513,23
23514,33
23515,76
23516,40
23517,28
23518,41
23519,46
23520,22
23521,29
23522,26
23523,31
23524,22
23525,41
23526,29
23527,60
23528,72
23529,41
23530,19
23531,25
23532,24
23533,59
23534,17
23535,59
23536,69
23537,25
23538,50
23539,29
23540,43
23541,29
23542,29
23543,32
23544,17
23545,50
23546,43
23547,41
23548,32
23549,54
23550,65
23551,18
23552,70
23553,53
23554,37
23555,21
23556,20
23557,47
23558,26
23559,31
23560,45
23561,35
23562,55
23563,49
23564,33
23565,30
23566,19
23567,48
23568,41
23569,29
23570,47
23571,53
23572,19
23573,71
23574,29
23575,43
23576,23
23577,52
23578,56
23579,28
23580,44
23581,37
23582,30
23583,31
23584,20
23585,64
23586,45
23587,40
23588,19
23589,54
23590,61
23591,18
23592,62
23593,33
23594,51
23595,54
23596,24
23597,54
23598,42
23599,51
23600,41
23601,47
23602,31
23603,21
23604,52
23605,20
23606,18
23607,58
23608,23
23609,21
23610,43
23611,53
23612,18
23613,44
23614,31
23615,48
23616,55
23617,24
23618,41
23619,35
23620,47
23621,54
23622,40
23623,56
23624,23
23625,34
23626,27
23627,32
23628,72
23629,43
23630,32
23631,53
23632,18
23633,38
23634,41
23635,29
23636,70
23637,46
23638,47
23639,56
23640,28
23641,55
23642,50
23643,47
23644,42
23645,22
23646,42
23647,42
23648,46
23649,45
23650,55
23651,57
23652,25
23653,43
23654,34
23655,27
23656,25
23657,37
23658,48
23659,38
23660,17
23661,70
23662,37
23663,45
23664,56
23665,64
23666,35
23667,23
23668,42
23669,23
23670,26
23671,56
23672,41
23673,47
23674,21
23675,29
23676,32
23677,72
23678,69
23679,19
23680,25
23681,56
23682,42
23683,58
23684,24
23685,41
23686,40
23687,37
23688,25
23689,43
23690,36
23691,41
23692,31
23693,22
23694,36
23695,42
23696,29
23697,25
23698,23
23699,34
23700,27
23701,32
23702,33
23703,38
23704,21
23705,39
23706,50
23707,32
23708,40
23709,58
23710,20
23711,63
23712,56
23713,30
23714,39
23715,25
23716,33
23717,41
23718,50
23719,44
23720,27
23721,27
23722,58
23723,25
23724,31
23725,39
23726,55
23727,22
23728,44
23729,41
23730,44
23731,61
23732,32
23733,35
23734,28
23735,57
23736,32
23737,46
23738,26
23739,43
23740,62
23741,60
23742,67
23743,19
23744,55
23745,48
23746,19
23747,19
23748,43
23749,31
23750,65
23751,32
23752,36
23753,41
23754,33
23755,72
23756,34
23757,27
23758,75
23759,39
23760,51
23761,47
23762,31
23763,40
23764,48
23765,36
23766,18
23767,33
23768,34
23769,51
23770,39
23771,20
23772,67
23773,42
23774,59
23775,31
23776,19
23777,47
23778,68
23779,30
23780,34
23781,49
23782,38
23783,60
23784,51
23785,24
23786,18
23787,24
23788,21
23789,48
23790,52
23791,48
23792,40
23793,29
23794,20
23795,31
23796,30
23797,30
23798,51
23799,29
23800,56
23801,46
23802,41
23803,29
23804,48
23805,34
23806,42
23807,25
23808,47
23809,23
23810,43
23811,19
23812,22
23813,40
23814,41
23815,71
23816,42
23817,31
23818,69
23819,58
23820,36
23821,31
23822,20
23823,41
23824,35
23825,62
23826,28
23827,27
23828,17
23829,35
23830,45
23831,44
23832,27
23833,51
23834,49
23835,64
23836,54
23837,43
23838,32
23839,36
23840,26
23841,37
23842,38
23843,26
23844,50
23845,47
23846,42
23847,66
23848,43
23849,37
23850,37
23851,25
23852,29
23853,63
23854,50
23855,42
23856,32
23857,42
23858,41
23859,25
23860,65
23861,32
23862,32
23863,24
23864,51
23865,67
23866,28
23867,32
23868,77
23869,47
23870,26
23871,20
23872,57
23873,40
23874,50
23875,19
23876,54
23877,51
23878,51
23879,38
23880,68
23881,17
23882,32
23883,29
23884,42
23885,40
23886,27
23887,22
23888,58
23889,61
23890,42
23891,49
23892,41
23893,43
23894,46
23895,28
23896,39
23897,50
23898,57
23899,47
23900,79
23901,40
23902,35
23903,35
23904,30
23905,26
23906,49
23907,48
23908,22
23909,22
23910,50
23911,47
23912,36
23913,44
23914,73
23915,24
23916,34
23917,37
23918,28
23919,46
23920,20
23921,29
23922,24
23923,29
23924,18
23925,41
23926,59
23927,27
23928,50
23929,25
23930,42
23931,36
23932,62
23933,71
23934,38
23935,44
23936,19
23937,49
23938,60
23939,28
23940,26
23941,18
23942,43
23943,65
23944,23
23945,21
23946,20
23947,19
23948,77
23949,32
23950,37
23951,29
23952,59
23953,22
23954,30
23955,31
23956,59
23957,29
23958,56
23959,19
23960,37
23961,58
23962,41
23963,29
23964,38
23965,36
23966,19
23967,46
23968,42
23969,29
23970,42
23971,29
23972,47
23973,37
23974,39
23975,46
23976,28
23977,36
23978,39
23979,44
23980,70
23981,60
23982,35
23983,59
23984,21
23985,22
23986,31
23987,40
23988,33
23989,41
23990,31
23991,62
23992,43
23993,28
23994,43
23995,55
23996,42
23997,23
23998,55
23999,44
24000,19
24001,23
24002,41
24003,63
24004,51
24005,49
24006,29
24007,25
24008,44
24009,17
24010,42
24011,21
24012,26
24013,24
24014,30
24015,58
24016,19
24017,65
24018,52
24019,17
24020,27
24021,53
24022,24
24023,37
24024,34
24025,40
24026,49
24027,86
24028,49
24029,43
24030,47
24031,32
24032,30
24033,25
24034,42
24035,60
24036,46
24037,39
24038,28
24039,26
24040,27
24041,59
24042,64
24043,90
24044,51
24045,36
24046,39
24047,30
24048,47
24049,32
24050,24
24051,23
24052,62
24053,48
24054,62
24055,35
24056,27
24057,49
24058,18
24059,19
24060,63
24061,54
24062,24
24063,61
24064,50
24065,36
24066,21
24067,38
24068,30
24069,22
24070,33
24071,39
24072,42
24073,47
24074,42
24075,29
24076,35
24077,23
24078,28
24079,34
24080,40
24081,67
24082,49
24083,34
24084,60
24085,26
24086,25
24087,40
24088,56
24089,35
24090,54
24091,25
24092,28
24093,31
24094,45
24095,52
24096,39
24097,19
24098,23
24099,23
24100,52
24101,33
24102,35
24103,58
24104,61
24105,39
24106,38
24107,59
24108,41
24109,27
24110,19
24111,22
24112,59
24113,37
24114,31
24115,18
24116,20
24117,28
24118,28
24119,49
24120,38
24121,19
24122,43
24123,28
24124,41
24125,50
24126,46
24127,20
24128,45
24129,28
24130,37
24131,46
24132,66
24133,35
24134,38
24135,25
24136,55
24137,48
24138,56
24139,47
24140,55
24141,41
24142,47
24143,40
24144,41
24145,21
24146,52
24147,62
24148,46
24149,21
24150,35
24151,29
24152,21
24153,35
24154,46
24155,70
24156,35
24157,34
24158,21
24159,29
24160,41
24161,51
24162,22
24163,47
24164,42
24165,19
24166,46
24167,23
24168,49
24169,58
24170,41
24171,50
24172,77
24173,27
24174,29
24175,54
24176,39
24177,32
24178,36
24179,24
24180,50
24181,32
24182,26
24183,49
24184,38
24185,47
24186,31
24187,38
24188,50
24189,18
24190,59
24191,56
24192,34
24193,32
24194,29
24195,29
24196,42
24197,37
24198,36
24199,59
24200,32
24201,52
24202,29
24203,39
24204,39
24205,69
24206,43
24207,39
24208,19
24209,60
24210,51
24211,75
24212,37
24213,24
24214,20
24215,58
24216,21
24217,28
24218,40
24219,45
24220,40
24221,41
24222,58
24223,44
24224,26
24225,29
24226,45
24227,23
24228,39
24229,45
24230,51
24231,22
24232,67
24233,28
24234,23
24235,33
24236,37
24237,19
24238,90
24239,35
24240,62
24241,20
24242,25
24243,21
24244,32
24245,32
24246,70
24247,65
24248,57
24249,31
24250,37
24251,34
24252,26
24253,44
24254,66
24255,39
24256,31
24257,53
24258,36
24259,61
24260,43
24261,38
24262,26
24263,27
24264,58
24265,37
24266,56
24267,36
24268,29
24269,28
24270,61
24271,66
24272,31
24273,21
24274,67
24275,26
24276,21
24277,33
24278,33
24279,59
24280,82
24281,34
24282,29
24283,19
24284,57
24285,41
24286,55
24287,27
24288,33
24289,43
24290,72
24291,68
24292,29
24293,41
24294,30
24295,31
24296,54
24297,32
24298,56
24299,39
24300,41
24301,48
24302,66
24303,25
24304,31
24305,32
24306,51
24307,42
24308,22
24309,31
24310,43
24311,42
24312,20
24313,40
24314,65
24315,53
24316,56
24317,51
24318,38
24319,44
24320,49
24321,47
24322,22
24323,53
24324,41
24325,19
24326,27
24327,48
24328,52
24329,61
24330,45
24331,29
24332,41
24333,38
24334,32
24335,37
24336,55
24337,62
24338,48
24339,43
24340,25
24341,47
24342,49
24343,55
24344,42
24345,40
24346,34
24347,38
24348,39
24349,45
24350,43
24351,32
24352,18
24353,27
24354,57
24355,38
24356,67
24357,26
24358,21
24359,17
24360,31
24361,51
24362,29
24363,28
24364,32
24365,31
24366,26
24367,28
24368,40
24369,51
24370,62
24371,54
24372,55
24373,24
24374,27
24375,18
24376,22
24377,21
24378,44
24379,50
24380,38
24381,39
24382,27
24383,35
24384,51
24385,60
24386,62
24387,38
24388,37
24389,43
24390,49
24391,17
24392,32
24393,23
24394,28
24395,83
24396,25
24397,42
24398,46
24399,29
24400,44
24401,60
24402,30
24403,24
24404,17
24405,76
24406,31
24407,52
24408,39
24409,73
24410,38
24411,48
24412,60
24413,26
24414,20
24415,54
24416,50
24417,20
24418,23
24419,35
24420,43
24421,50
24422,58
24423,55
24424,29
24425,47
24426,39
24427,63
24428,27
24429,62
24430,38
24431,25
24432,31
24433,40
24434,42
24435,52
24436,46
24437,31
24438,33
24439,58
24440,52
24441,25
24442,54
24443,46
24444,28
24445,24
24446,39
24447,60
24448,22
24449,27
24450,35
24451,47
24452,33
24453,40
24454,38
24455,26
24456,54
24457,39
24458,60
24459,32
24460,19
24461,49
24462,31
24463,29
24464,39
24465,42
24466,26
24467,27
24468,52
24469,50
24470,51
24471,51
24472,40
24473,61
24474,35
24475,41
24476,31
24477,43
24478,20
24479,35
24480,30
24481,42
24482,51
24483,39
24484,69
24485,63
24486,29
24487,21
24488,24
24489,55
24490,42
24491,48
24492,31
24493,52
24494,30
24495,29
24496,32
24497,47
24498,56
24499,40
24500,20
24501,36
24502,45
24503,38
24504,60
24505,70
24506,21
24507,57
24508,33
24509,37
24510,50
24511,68
24512,28
24513,32
24514,30
24515,18
24516,45
24517,22
24518,38
24519,37
24520,23
24521,59
24522,48
24523,53
24524,18
24525,30
24526,50
24527,63
24528,38
24529,48
24530,60
24531,46
24532,30
24533,39
24534,55
24535,17
24536,46
24537,50
24538,32
24539,18
24540,34
24541,50
24542,32
24543,23
24544,26
24545,46
24546,43
24547,32
24548,37
24549,48
24550,28
24551,43
24552,51
24553,30
24554,34
24555,34
24556,41
24557,53
24558,42
24559,18
24560,81
24561,40
24562,26
24563,20
24564,41
24565,49
24566,22
24567,46
24568,56
24569,35
24570,34
24571,29
24572,28
24573,35
24574,29
24575,21
24576,52
24577,45
24578,43
24579,35
24580,21
24581,35
24582,30
24583,45
24584,29
24585,29
24586,33
24587,17
24588,52
24589,24
24590,32
24591,40
24592,32
24593,33
24594,30
24595,28
24596,62
24597,46
24598,32
24599,26
24600,41
24601,57
24602,52
24603,35
24604,19
24605,49
24606,47
24607,38
24608,30
24609,32
24610,32
24611,46
24612,22
24613,47
24614,57
24615,47
24616,41
24617,36
24618,32
24619,37
24620,36
24621,64
24622,17
24623,23
24624,40
24625,42
24626,37
24627,35
24628,56
24629,52
24630,37
24631,48
24632,24
24633,33
24634,39
24635,34
24636,24
24637,23
24638,49
24639,18
24640,20
24641,54
24642,19
24643,53
24644,34
24645,28
24646,35
24647,20
24648,31
24649,37
24650,64
24651,42
24652,27
24653,36
24654,36
24655,23
24656,46
24657,24
24658,22
24659,62
24660,19
24661,20
24662,47
24663,57
24664,19
24665,37
24666,35
24667,17
24668,36
24669,50
24670,35
24671,27
24672,28
24673,29
24674,25
24675,47
24676,29
24677,19
24678,49
24679,31
24680,43
24681,56
24682,42
24683,45
24684,40
24685,44
24686,17
24687,36
24688,19
24689,53
24690,72
24691,46
24692,33
24693,22
24694,17
24695,41
24696,46
24697,33
24698,32
24699,52
24700,27
24701,48
24702,22
24703,25
24704,60
24705,38
24706,37
24707,49
24708,40
24709,48
24710,31
24711,40
24712,25
24713,68
24714,18
24715,19
24716,35
24717,28
24718,53
24719,33
24720,20
24721,45
24722,36
24723,34
24724,32
24725,19
24726,24
24727,34
24728,32
24729,37
24730,31
24731,21
24732,47
24733,23
24734,33
24735,60
24736,17
24737,67
24738,57
24739,17
24740,53
24741,25
24742,24
24743,48
24744,51
24745,38
24746,51
24747,18
24748,23
24749,42
24750,34
24751,39
24752,20
24753,39
24754,21
24755,26
24756,54
24757,34
24758,32
24759,59
24760,24
24761,54
24762,54
24763,67
24764,33
24765,37
24766,47
24767,51
24768,45
24769,19
24770,58
24771,27
24772,36
24773,20
24774,51
24775,45
24776,32
24777,59
24778,45
24779,43
24780,54
24781,20
24782,29
24783,28
24784,18
24785,49
24786,46
24787,58
24788,56
24789,41
24790,50
24791,74
24792,30
24793,62
24794,19
24795,29
24796,20
24797,36
24798,36
24799,51
24800,37
24801,29
24802,17
24803,18
24804,40
24805,26
24806,42
24807,32
24808,33
24809,28
24810,43
24811,47
24812,37
24813,73
24814,37
24815,50
24816,19
24817,32
24818,44
24819,20
24820,29
24821,21
24822,34
24823,44
24824,18
24825,22
24826,39
24827,26
24828,29
24829,21
24830,49
24831,24
24832,26
24833,25
24834,30
24835,52
24836,30
24837,20
24838,31
24839,44
24840,46
24841,31
24842,57
24843,58
24844,41
24845,23
24846,47
24847,72
24848,26
24849,45
24850,48
24851,23
24852,20
24853,18
24854,27
24855,25
24856,45
24857,53
24858,54
24859,41
24860,23
24861,17
24862,42
24863,61
24864,57
24865,21
24866,44
24867,48
24868,46
24869,37
24870,35
24871,27
24872,28
24873,19
24874,63
24875,69
24876,69
24877,36
24878,20
24879,28
24880,58
24881,48
24882,39
24883,38
24884,50
24885,35
24886,45
24887,38
24888,54
24889,42
24890,32
24891,55
24892,63
24893,21
24894,62
24895,46
24896,43
24897,35
24898,37
24899,51
24900,45
24901,19
24902,61
24903,61
24904,21
24905,45
24906,38
24907,28
24908,40
24909,32
24910,55
24911,64
24912,34
24913,19
24914,58
24915,46
24916,44
24917,31
24918,31
24919,39
24920,19
24921,56
24922,53
24923,68
24924,69
24925,62
24926,62
24927,39
24928,45
24929,29
24930,33
24931,34
24932,29
24933,65
24934,18
24935,22
24936,30
24937,44
24938,48
24939,52
24940,53
24941,48
24942,25
24943,41
24944,37
24945,55
24946,67
24947,36
24948,47
24949,36
24950,25
24951,19
24952,24
24953,30
24954,17
24955,28
24956,34
24957,35
24958,24
24959,43
24960,20
24961,55
24962,22
24963,20
24964,44
24965,38
24966,53
24967,26
24968,58
24969,23
24970,53
24971,35
24972,41
24973,31
24974,50
24975,57
24976,25
24977,23
24978,48
24979,34
24980,37
24981,43
24982,20
24983,40
24984,27
24985,35
24986,33
24987,57
24988,43
24989,40
24990,54
24991,28
24992,32
24993,49
24994,52
24995,41
24996,19
24997,33
24998,21
24999,25
25000,44
25001,20
25002,46
25003,39
25004,34
25005,19
25006,27
25007,53
25008,46
25009,23
25010,39
25011,30
25012,53
25013,33
25014,22
25015,44
25016,30
25017,66
25018,39
25019,37
25020,34
25021,17
25022,43
25023,46
25024,17
25025,60
25026,63
25027,42
25028,30
25029,33
25030,43
25031,20
25032,30
25033,37
25034,33
25035,49
25036,65
25037,35
25038,27
25039,33
25040,18
25041,41
25042,38
25043,45
25044,18
25045,33
25046,28
25047,47
25048,30
25049,36
25050,21
25051,44
25052,33
25053,61
25054,29
25055,45
25056,18
25057,29
25058,27
25059,21
25060,22
25061,49
25062,35
25063,47
25064,37
25065,37
25066,26
25067,18
25068,55
25069,47
25070,59
25071,70
25072,53
25073,39
25074,38
25075,33
25076,19
25077,28
25078,74
25079,40
25080,35
25081,35
25082,41
25083,38
25084,29
25085,46
25086,46
25087,40
25088,29
25089,39
25090,31
25091,50
25092,31
25093,27
25094,27
25095,28
25096,21
25097,57
25098,56
25099,22
25100,48
25101,36
25102,51
25103,39
25104,43
25105,38
25106,51
25107,43
25108,44
25109,35
25110,40
25111,39
25112,47
25113,23
25114,26
25115,25
25116,29
25117,30
25118,57
25119,37
25120,39
25121,37
25122,45
25123,21
25124,25
25125,61
25126,59
25127,28
25128,24
25129,47
25130,29
25131,49
25132,41
25133,33
25134,20
25135,40
25136,32
25137,48
25138,24
25139,50
25140,31
25141,23
25142,35
25143,50
25144,39
25145,52
25146,44
25147,43
25148,39
25149,33
25150,31
25151,40
25152,28
25153,19
25154,35
25155,44
25156,40
25157,20
25158,55
25159,30
25160,38
25161,75
25162,17
25163,79
25164,20
25165,25
25166,27
25167,19
25168,21
25169,19
25170,42
25171,28
25172,47
25173,59
25174,50
25175,48
25176,33
25177,27
25178,45
25179,24
25180,31
25181,24
25182,29
25183,24
25184,24
25185,28
25186,63
25187,36
25188,58
25189,51
25190,42
25191,39
25192,26
25193,39
25194,28
25195,51
25196,45
25197,45
25198,23
25199,38
25200,38
25201,39
25202,52
25203,17
25204,31
25205,22
25206,47
25207,28
25208,30
25209,41
25210,29
25211,42
25212,52
25213,35
25214,28
25215,46
25216,21
25217,45
25218,21
25219,74
25220,29
25221,39
25222,44
25223,23
25224,32
25225,61
25226,43
25227,23
25228,18
25229,38
25230,33
25231,19
25232,23
25233,37
25234,25
25235,36
25236,45
25237,32
25238,65
25239,18
25240,25
25241,29
25242,53
25243,33
25244,27
25245,24
25246,54
25247,23
25248,45
25249,36
25250,36
25251,44
25252,24
25253,39
25254,50
25255,38
25256,58
25257,44
25258,24
25259,52
25260,46
25261,50
25262,34
25263,40
25264,53
25265,24
25266,58
25267,26
25268,22
25269,36
25270,78
25271,36
25272,43
25273,60
25274,49
25275,50
25276,34
25277,46
25278,46
25279,69
25280,32
25281,40
25282,61
25283,56
25284,47
25285,29
25286,37
25287,51
25288,44
25289,33
25290,51
25291,24
25292,37
25293,40
25294,34
25295,61
25296,56
25297,69
25298,41
25299,40
25300,57
25301,26
25302,53
25303,90
25304,39
25305,51
25306,56
25307,51
25308,17
25309,42
25310,42
25311,29
25312,33
25313,47
25314,43
25315,64
25316,40
25317,21
25318,31
25319,60
25320,32
25321,66
25322,27
25323,40
25324,27
25325,18
25326,43
25327,52
25328,31
25329,28
25330,44
25331,37
25332,35
25333,42
25334,18
25335,46
25336,54
25337,54
25338,56
25339,27
25340,26
25341,41
25342,41
25343,32
25344,18
25345,36
25346,37
25347,31
25348,46
25349,24
25350,25
25351,55
25352,64
25353,30
25354,65
25355,46
25356,45
25357,18
25358,32
25359,38
25360,34
25361,35
25362,26
25363,24
25364,45
25365,36
25366,44
25367,23
25368,57
25369,41
25370,20
25371,32
25372,60
25373,38
25374,29
25375,22
25376,21
25377,40
25378,59
25379,45
25380,76
25381,45
25382,49
25383,36
25384,22
25385,47
25386,26
25387,21
25388,27
25389,26
25390,20
25391,31
25392,57
25393,39
25394,36
25395,66
25396,34
25397,80
25398,21
25399,40
25400,49
25401,48
25402,19
25403,42
25404,59
25405,63
25406,26
25407,41
25408,42
25409,19
25410,45
25411,47
25412,47
25413,34
25414,49
25415,36
25416,53
25417,21
25418,39
25419,52
25420,18
25421,59
25422,50
25423,31
25424,52
25425,41
25426,45
25427,54
25428,22
25429,50
25430,20
25431,43
25432,48
25433,24
25434,54
25435,26
25436,53
25437,51
25438,54
25439,32
25440,46
25441,60
25442,52
25443,44
25444,56
25445,57
25446,35
25447,30
25448,29
25449,49
25450,28
25451,30
25452,45
25453,17
25454,54
25455,31
25456,54
25457,55
25458,26
25459,37
25460,34
25461,38
25462,51
25463,41
25464,24
25465,56
25466,33
25467,31
25468,27
25469,32
25470,35
25471,43
25472,40
25473,19
25474,23
25475,40
25476,59
25477,43
25478,43
25479,53
25480,26
25481,68
25482,41
25483,32
25484,25
25485,20
25486,22
25487,33
25488,26
25489,29
25490,20
25491,68
25492,58
25493,32
25494,23
25495,30
25496,67
25497,26
25498,53
25499,27
25500,29
25501,38
25502,17
25503,48
25504,52
25505,28
25506,18
25507,28
25508,34
25509,62
25510,46
25511,30
25512,20
25513,29
25514,55
25515,20
25516,54
25517,27
25518,43
25519,17
25520,48
25521,34
25522,66
25523,29
25524,43
25525,37
25526,56
25527,58
25528,54
25529,45
25530,29
25531,26
25532,43
25533,33
25534,45
25535,25
25536,25
25537,69
25538,37
25539,20
25540,39
25541,17
25542,27
25543,26
25544,55
25545,39
25546,41
25547,34
25548,51
25549,67
25550,40
25551,58
25552,23
25553,45
25554,51
25555,43
25556,25
25557,36
25558,58
25559,33
25560,60
25561,24
25562,45
25563,49
25564,19
25565,34
25566,42
25567,25
25568,73
25569,59
25570,28
25571,19
25572,31
25573,58
25574,21
25575,47
25576,30
25577,41
25578,59
25579,43
25580,48
25581,44
25582,44
25583,24
25584,28
25585,50
25586,33
25587,23
25588,30
25589,46
25590,21
25591,52
25592,26
25593,27
25594,28
25595,50
25596,28
25597,61
25598,32
25599,30
25600,51
25601,40
25602,36
25603,28
25604,49
25605,61
25606,41
25607,55
25608,36
25609,21
25610,57
25611,49
25612,59
25613,41
25614,59
25615,20
25616,42
25617,41
25618,45
25619,36
25620,42
25621,25
25622,45
25623,58
25624,39
25625,34
25626,22
25627,44
25628,53
25629,22
25630,27
25631,60
25632,46
25633,56
25634,36
25635,56
25636,35
25637,29
25638,19
25639,38
25640,40
25641,52
25642,22
25643,32
25644,27
25645,25
25646,36
25647,22
25648,32
25649,37
25650,22
25651,29
25652,42
25653,45
25654,33
25655,39
25656,27
25657,53
25658,30
25659,52
25660,43
25661,47
25662,61
25663,39
25664,47
25665,19
25666,37
25667,31
25668,69
25669,22
25670,29
25671,24
25672,42
25673,30
25674,28
25675,27
25676,53
25677,35
25678,22
25679,25
25680,38
25681,27
25682,30
25683,27
25684,25
25685,36
25686,32
25687,70
25688,50
25689,40
25690,34
25691,57
25692,39
25693,49
25694,43
25695,26
25696,31
25697,60
25698,46
25699,26
25700,27
25701,31
25702,59
25703,19
25704,18
25705,22
25706,24
25707,53
25708,43
25709,24
25710,60
25711,24
25712,52
25713,32
25714,34
25715,35
25716,38
25717,34
25718,53
25719,23
25720,40
25721,40
25722,50
25723,17
25724,53
25725,32
25726,43
25727,18
25728,62
25729,45
25730,46
25731,73
25732,64
25733,26
25734,23
25735,30
25736,51
25737,35
25738,39
25739,35
25740,41
25741,31
25742,40
25743,46
25744,31
25745,41
25746,42
25747,23
25748,21
25749,49
25750,53
25751,38
25752,36
25753,32
25754,20
25755,17
25756,22
25757,25
25758,58
25759,24
25760,48
25761,20
25762,60
25763,20
25764,52
25765,36
25766,46
25767,22
25768,19
25769,37
25770,30
25771,44
25772,63
25773,22
25774,31
25775,17
25776,21
25777,67
25778,46
25779,29
25780,20
25781,27
25782,35
25783,19
25784,36
25785,43
25786,62
25787,28
25788,18
25789,59
25790,37
25791,27
25792,46
25793,29
25794,33
25795,62
25796,46
25797,28
25798,22
25799,46
25800,54
25801,34
25802,67
25803,62
25804,30
25805,19
25806,49
25807,27
25808,36
25809,52
25810,47
25811,57
25812,64
25813,56
25814,53
25815,53
25816,31
25817,41
25818,45
25819,63
25820,45
25821,23
25822,39
25823,31
25824,35
25825,54
25826,22
25827,40
25828,55
25829,31
25830,58
25831,31
25832,46
25833,38
25834,22
25835,17
25836,48
25837,73
25838,25
25839,53
25840,46
25841,45
25842,37
25843,30
25844,29
25845,29
25846,75
25847,58
25848,42
25849,62
25850,45
25851,38
25852,36
25853,70
25854,42
25855,47
25856,42
25857,43
25858,37
25859,36
25860,27
25861,54
25862,48
25863,29
25864,29
25865,37
25866,55
25867,67
25868,51
25869,35
25870,41
25871,64
25872,23
25873,49
25874,38
25875,62
25876,62
25877,70
25878,45
25879,20
25880,38
25881,50
25882,40
25883,30
25884,52
25885,28
25886,62
25887,31
25888,40
25889,34
25890,53
25891,42
25892,26
25893,51
25894,49
25895,43
25896,42
25897,31
25898,26
25899,50
25900,35
25901,37
25902,53
25903,20
25904,31
25905,28
25906,46
25907,21
25908,41
25909,30
25910,66
25911,37
25912,74
25913,46
25914,51
25915,33
25916,30
25917,47
25918,49
25919,53
25920,24
25921,54
25922,32
25923,45
25924,46
25925,37
25926,48
25927,25
25928,28
25929,44
25930,58
25931,27
25932,69
25933,38
25934,47
25935,30
25936,46
25937,27
25938,19
25939,18
25940,24
25941,32
25942,38
25943,19
25944,28
25945,39
25946,38
25947,42
25948,31
25949,46
25950,53
25951,21
25952,48
25953,46
25954,30
25955,24
25956,32
25957,30
25958,57
25959,56
25960,27
25961,38
25962,19
25963,61
25964,49
25965,28
25966,50
25967,43
25968,34
25969,28
25970,31
25971,55
25972,26
25973,51
25974,35
25975,42
25976,63
25977,31
25978,22
25979,67
25980,50
25981,63
25982,31
25983,17
25984,41
25985,53
25986,44
25987,24
25988,35
25989,61
25990,31
25991,44
25992,56
25993,66
25994,45
25995,69
25996,64
25997,38
25998,43
25999,37
26000,19
26001,59
26002,50
26003,33
26004,56
26005,28
26006,27
26007,42
26008,34
26009,19
26010,68
26011,28
26012,81
26013,22
26014,58
26015,31
26016,17
26017,25
26018,23
26019,25
26020,47
26021,39
26022,44
26023,46
26024,38
26025,23
26026,34
26027,33
26028,38
26029,52
26030,50
26031,38
26032,35
26033,67
26034,60
26035,44
26036,38
26037,29
26038,65
26039,33
26040,29
26041,18
26042,43
26043,42
26044,42
26045,32
26046,36
26047,41
26048,30
26049,21
26050,33
26051,19
26052,19
26053,35
26054,43
26055,45
26056,25
26057,39
26058,26
26059,60
26060,52
26061,22
26062,23
26063,46
26064,34
26065,39
26066,38
26067,56
26068,55
26069,40
26070,23
26071,39
26072,24
26073,51
26074,47
26075,25
26076,34
26077,18
26078,19
26079,32
26080,49
26081,40
26082,43
26083,71
26084,59
26085,32
26086,25
26087,32
26088,17
26089,57
26090,17
26091,27
26092,41
26093,62
26094,19
26095,41
26096,39
26097,30
26098,37
26099,18
26100,40
26101,38
26102,24
26103,33
26104,48
26105,51
26106,48
26107,43
26108,34
26109,41
26110,51
26111,25
26112,20
26113,61
26114,35
26115,42
26116,26
26117,46
26118,39
26119,18
26120,29
26121,39
26122,47
26123,40
26124,43
26125,32
26126,31
26127,19
26128,44
26129,46
26130,53
26131,43
26132,41
26133,35
26134,48
26135,28
26136,44
26137,20
26138,51
26139,28
26140,36
26141,28
26142,21
26143,34
26144,36
26145,25
26146,31
26147,44
26148,49
26149,40
26150,64
26151,54
26152,27
26153,18
26154,68
26155,64
26156,36
26157,21
26158,22
26159,61
26160,24
26161,49
26162,25
26163,66
26164,29
26165,22
26166,57
26167,41
26168,29
26169,20
26170,47
26171,22
26172,59
26173,42
26174,64
26175,29
26176,25
26177,62
26178,44
26179,21
26180,60
26181,46
26182,44
26183,21
26184,18
26185,39
26186,33
26187,63
26188,52
26189,17
26190,45
26191,31
26192,35
26193,31
26194,51
26195,48
26196,28
26197,42
26198,38
26199,43
26200,30
26201,24
26202,46
26203,50
26204,22
26205,18
26206,53
26207,40
26208,36
26209,32
26210,39
26211,46
26212,26
26213,19
26214,24
26215,28
26216,25
26217,44
26218,38
26219,42
26220,28
26221,36
26222,47
26223,46
26224,21
26225,19
26226,35
26227,26
26228,21
26229,67
26230,54
26231,26
26232,51
26233,27
26234,27
26235,39
26236,32
26237,52
26238,21
26239,27
26240,46
26241,42
26242,79
26243,50
26244,19
26245,43
26246,51
26247,45
26248,65
26249,66
26250,36
26251,26
26252,28
26253,39
26254,43
26255,20
26256,29
26257,32
26258,44
26259,18
26260,60
26261,34
26262,60
26263,38
26264,29
26265,41
26266,49
26267,37
26268,37
26269,43
26270,41
26271,37
26272,19
26273,29
26274,40
26275,53
26276,27
26277,44
26278,29
26279,25
26280,38
26281,48
26282,18
26283,50
26284,37
26285,48
26286,50
26287,74
26288,24
26289,34
26290,19
26291,39
26292,40
26293,30
26294,27
26295,23
26296,68
26297,46
26298,24
26299,18
26300,50
26301,42
26302,42
26303,37
26304,57
26305,27
26306,31
26307,34
26308,55
26309,56
26310,36
26311,35
26312,63
26313,28
26314,38
26315,30
26316,18
26317,35
26318,53
26319,46
26320,45
26321,35
26322,41
26323,60
26324,18
26325,19
26326,24
26327,56
26328,28
26329,29
26330,35
26331,27
26332,55
26333,18
26334,53
26335,26
26336,55
26337,45
26338,28
26339,32
26340,27
26341,35
26342,36
26343,41
26344,23
26345,22
26346,36
26347,65
26348,59
26349,25
26350,33
26351,31
26352,50
26353,49
26354,43
26355,23
26356,34
26357,23
26358,63
26359,33
26360,51
26361,31
26362,32
26363,48
26364,31
26365,47
26366,54
26367,23
26368,34
26369,46
26370,34
26371,31
26372,41
26373,41
26374,27
26375,30
26376,23
26377,24
26378,59
26379,56
26380,35
26381,59
26382,47
26383,51
26384,42
26385,29
26386,23
26387,43
26388,46
26389,30
26390,23
26391,29
26392,33
26393,33
26394,46
26395,35
26396,36
26397,25
26398,35
26399,30
26400,39
26401,37
26402,22
26403,25
26404,50
26405,64
26406,33
26407,59
26408,24
26409,41
26410,38
26411,60
26412,19
26413,23
26414,57
26415,36
26416,17
26417,24
26418,32
26419,27
26420,43
26421,21
26422,54
26423,22
26424,29
26425,22
26426,37
26427,38
26428,34
26429,45
26430,28
26431,68
26432,36
26433,20
26434,24
26435,38
26436,32
26437,34
26438,47
26439,28
26440,32
26441,58
26442,64
26443,38
26444,43
26445,28
26446,21
26447,23
26448,25
26449,41
26450,24
26451,41
26452,27
26453,54
26454,28
26455,29
26456,36
26457,41
26458,60
26459,34
26460,32
26461,27
26462,60
26463,39
26464,59
26465,34
26466,36
26467,54
26468,48
26469,19
26470,40
26471,25
26472,39
26473,34
26474,30
26475,43
26476,35
26477,36
26478,59
26479,33
26480,22
26481,48
26482,54
26483,49
26484,37
26485,45
26486,51
26487,46
26488,31
26489,29
26490,39
26491,35
26492,26
26493,51
26494,31
26495,39
26496,26
26497,25
26498,61
26499,49
26500,53
26501,52
26502,52
26503,74
26504,50
26505,29
26506,76
26507,19
26508,25
26509,45
26510,34
26511,20
26512,66
26513,63
26514,27
26515,41
26516,43
26517,23
26518,37
26519,31
26520,33
26521,28
26522,70
26523,35
26524,41
26525,17
26526,41
26527,44
26528,47
26529,24
26530,38
26531,34
26532,62
26533,27
26534,59
26535,35
26536,38
26537,28
26538,28
26539,59
26540,42
26541,54
26542,39
26543,41
26544,43
26545,32
26546,62
26547,58
26548,43
26549,67
26550,31
26551,51
26552,54
26553,20
26554,35
26555,22
26556,38
26557,42
26558,44
26559,28
26560,74
26561,34
26562,50
26563,50
26564,43
26565,29
26566,30
26567,61
26568,21
26569,27
26570,47
26571,39
26572,33
26573,22
26574,38
26575,45
26576,42
26577,35
26578,21
26579,49
26580,50
26581,36
26582,20
26583,49
26584,40
26585,22
26586,60
26587,67
26588,21
26589,60
26590,17
26591,43
26592,49
26593,41
26594,38
26595,38
26596,35
26597,40
26598,23
26599,19
26600,40
26601,46
26602,25
26603,36
26604,24
26605,62
26606,54
26607,23
26608,60
26609,18
26610,41
26611,45
26612,62
26613,28
26614,36
26615,31
26616,44
26617,33
26618,62
26619,27
26620,42
26621,55
26622,41
26623,26
26624,45
26625,67
26626,25
26627,30
26628,22
26629,19
26630,26
26631,61
26632,32
26633,43
26634,53
26635,53
26636,42
26637,36
26638,55
26639,35
26640,17
26641,55
26642,36
26643,40
26644,54
26645,45
26646,48
26647,40
26648,31
26649,26
26650,34
26651,19
26652,31
26653,34
26654,55
26655,38
26656,21
26657,27
26658,35
26659,20
26660,24
26661,27
26662,18
26663,28
26664,36
26665,66
26666,19
26667,59
26668,33
26669,28
26670,34
26671,41
26672,30
26673,59
26674,42
26675,47
26676,29
26677,60
26678,53
26679,41
26680,32
26681,73
26682,20
26683,49
26684,36
26685,33
26686,25
26687,34
26688,19
26689,40
26690,48
26691,51
26692,22
26693,34
26694,22
26695,34
26696,56
26697,49
26698,36
26699,18
26700,26
26701,48
26702,35
26703,29
26704,47
26705,21
26706,28
26707,53
26708,65
26709,26
26710,50
26711,26
26712,70
26713,55
26714,27
26715,31
26716,43
26717,24
26718,22
26719,26
26720,23
26721,41
26722,52
26723,41
26724,59
26725,56
26726,58
26727,65
26728,24
26729,51
26730,31
26731,84
26732,51
26733,24
26734,30
26735,22
26736,30
26737,47
26738,19
26739,43
26740,30
26741,46
26742,49
26743,37
26744,42
26745,57
26746,46
26747,23
26748,26
26749,64
26750,20
26751,31
26752,38
26753,44
26754,42
26755,23
26756,31
26757,35
26758,30
26759,35
26760,40
26761,18
26762,23
26763,63
26764,20
26765,50
26766,49
26767,53
26768,34
26769,54
26770,40
26771,22
26772,28
26773,24
26774,37
26775,62
26776,19
26777,51
26778,65
26779,31
26780,42
26781,42
26782,54
26783,23
26784,28
26785,42
26786,30
26787,33
26788,33
26789,39
26790,27
26791,20
26792,62
26793,17
26794,58
26795,69
26796,34
26797,34
26798,20
26799,64
26800,27
26801,41
26802,40
26803,53
26804,44
26805,37
26806,46
26807,17
26808,35
26809,36
26810,49
26811,48
26812,26
26813,26
26814,35
26815,29
26816,54
26817,36
26818,25
26819,18
26820,21
26821,22
26822,52
26823,36
26824,25
26825,49
26826,42
26827,37
26828,39
26829,32
26830,53
26831,30
26832,51
26833,62
26834,38
26835,23
26836,39
26837,37
26838,27
26839,41
26840,47
26841,25
26842,35
26843,47
26844,30
26845,29
26846,36
26847,42
26848,51
26849,34
26850,44
26851,27
26852,39
26853,46
26854,32
26855,31
26856,23
26857,47
26858,66
26859,26
26860,52
26861,53
26862,48
26863,37
26864,17
26865,50
26866,28
26867,17
26868,39
26869,28
26870,38
26871,53
26872,28
26873,42
26874,40
26875,20
26876,32
26877,23
26878,25
26879,41
26880,42
26881,18
26882,29
26883,36
26884,34
26885,34
26886,48
26887,36
26888,67
26889,53
26890,53
26891,45
26892,22
26893,25
26894,61
26895,31
26896,47
26897,31
26898,17
26899,38
26900,23
26901,42
26902,78
26903,54
26904,26
26905,30
26906,46
26907,26
26908,30
26909,66
26910,23
26911,25
26912,32
26913,25
26914,51
26915,24
26916,22
26917,28
26918,29
26919,26
26920,41
26921,19
26922,39
26923,51
26924,29
26925,27
26926,33
26927,19
26928,67
26929,41
26930,29
26931,28
26932,25
26933,21
26934,24
26935,48
26936,46
26937,35
26938,35
26939,50
26940,22
26941,45
26942,62
26943,39
26944,33
26945,22
26946,50
26947,25
26948,44
26949,26
26950,31
26951,56
26952,49
26953,49
26954,46
26955,33
26956,25
26957,40
26958,72
26959,32
26960,44
26961,48
26962,17
26963,50
26964,61
26965,22
26966,17
26967,49
26968,26
26969,19
26970,17
26971,38
26972,34
26973,51
26974,48
26975,63
26976,19
26977,73
26978,51
26979,38
26980,54
26981,41
26982,65
26983,36
26984,42
26985,38
26986,20
26987,37
26988,35
26989,51
26990,23
26991,27
26992,19
26993,37
26994,29
26995,33
26996,60
26997,22
26998,22
26999,60
27000,35
27001,45
27002,30
27003,43
27004,32
27005,35
27006,32
27007,61
27008,40
27009,20
27010,42
27011,21
27012,21
27013,26
27014,36
27015,24
27016,47
27017,51
27018,65
27019,61
27020,67
27021,49
27022,63
27023,58
27024,61
27025,36
27026,19
27027,29
27028,43
27029,60
27030,21
27031,22
27032,33
27033,36
27034,37
27035,35
27036,17
27037,37
27038,22
27039,28
27040,42
27041,57
27042,26
27043,45
27044,32
27045,63
27046,22
27047,36
27048,45
27049,34
27050,27
27051,20
27052,47
27053,46
27054,28
27055,45
27056,26
27057,32
27058,30
27059,59
27060,58
27061,45
27062,76
27063,38
27064,32
27065,38
27066,30
27067,53
27068,41
27069,27
27070,44
27071,35
27072,36
27073,51
27074,42
27075,40
27076,45
27077,55
27078,36
27079,57
27080,27
27081,62
27082,29
27083,38
27084,29
27085,18
27086,19
27087,32
27088,34
27089,25
27090,34
27091,37
27092,37
27093,18
27094,24
27095,17
27096,35
27097,31
27098,29
27099,49
27100,71
27101,35
27102,55
27103,37
27104,33
27105,49
27106,32
27107,63
27108,39
27109,42
27110,30
27111,30
27112,48
27113,57
27114,56
27115,28
27116,43
27117,46
27118,60
27119,50
27120,37
27121,41
27122,38
27123,23
27124,59
27125,72
27126,47
27127,29
27128,35
27129,24
27130,22
27131,24
27132,42
27133,55
27134,40
27135,61
27136,58
27137,39
27138,45
27139,25
27140,69
27141,36
27142,34
27143,45
27144,27
27145,28
27146,27
27147,41
27148,18
27149,44
27150,47
27151,36
27152,66
27153,33
27154,39
27155,30
27156,34
27157,62
27158,21
27159,50
27160,30
27161,43
27162,19
27163,26
27164,50
27165,45
27166,46
27167,17
27168,56
27169,25
27170,47
27171,23
27172,51
27173,19
27174,33
27175,32
27176,52
27177,36
27178,34
27179,26
27180,26
27181,35
27182,58
27183,32
27184,23
27185,28
27186,20
27187,17
27188,56
27189,26
27190,43
27191,45
27192,34
27193,54
27194,51
27195,58
27196,49
27197,21
27198,44
27199,26
27200,39
27201,19
27202,37
27203,49
27204,45
27205,60
27206,28
27207,23
27208,44
27209,19
27210,37
27211,41
27212,56
27213,44
27214,30
27215,23
27216,44
27217,38
27218,32
27219,57
27220,35
27221,48
27222,32
27223,76
27224,57
27225,58
27226,51
27227,50
27228,38
27229,53
27230,59
27231,23
27232,44
27233,23
27234,23
27235,44
27236,30
27237,28
27238,46
27239,34
27240,38
27241,26
27242,39
27243,28
27244,33
27245,43
27246,30
27247,59
27248,26
27249,28
27250,48
27251,49
27252,41
27253,20
27254,49
27255,37
27256,18
27257,61
27258,26
27259,66
27260,68
27261,27
27262,66
27263,28
27264,26
27265,25
27266,46
27267,62
27268,35
27269,26
27270,40
27271,31
27272,52
27273,61
27274,39
27275,25
27276,47
27277,33
27278,17
27279,26
27280,25
27281,39
27282,33
27283,46
27284,27
27285,48
27286,29
27287,40
27288,24
27289,55
27290,56
27291,25
27292,36
27293,26
27294,37
27295,36
27296,23
27297,25
27298,36
27299,37
27300,39
27301,35
27302,33
27303,31
27304,49
27305,34
27306,40
27307,27
27308,50
27309,38
27310,55
27311,49
27312,40
27313,42
27314,51
27315,27
27316,30
27317,70
27318,40
27319,43
27320,24
27321,22
27322,38
27323,52
27324,32
27325,33
27326,21
27327,27
27328,31
27329,29
27330,49
27331,61
27332,46
27333,37
27334,56
27335,37
27336,26
27337,31
27338,36
27339,52
27340,40
27341,21
27342,63
27343,30
27344,30
27345,50
27346,41
27347,39
27348,23
27349,52
27350,17
27351,46
27352,26
27353,30
27354,23
27355,21
27356,39
27357,37
27358,40
27359,38
27360,47
27361,20
27362,35
27363,62
27364,32
27365,42
27366,32
27367,27
27368,53
27369,28
27370,26
27371,47
27372,23
27373,70
27374,41
27375,43
27376,65
27377,40
27378,64
27379,40
27380,43
27381,50
27382,19
27383,32
27384,32
27385,42
27386,41
27387,30
27388,20
27389,45
27390,42
27391,24
27392,43
27393,28
27394,35
27395,36
27396,38
27397,32
27398,50
27399,34
27400,35
27401,30
27402,61
27403,27
27404,61
27405,18
27406,31
27407,31
27408,20
27409,35
27410,51
27411,43
27412,18
27413,55
27414,59
27415,21
27416,22
27417,60
27418,49
27419,21
27420,61
27421,64
27422,63
27423,27
27424,23
27425,41
27426,18
27427,40
27428,55
27429,17
27430,34
27431,24
27432,30
27433,29
27434,52
27435,57
27436,38
27437,43
27438,61
27439,38
27440,51
27441,40
27442,41
27443,19
27444,28
27445,59
27446,32
27447,31
27448,30
27449,54
27450,33
27451,20
27452,27
27453,32
27454,35
27455,27
27456,40
27457,34
27458,34
27459,38
27460,28
27461,65
27462,61
27463,18
27464,35
27465,45
27466,68
27467,25
27468,48
27469,19
27470,43
27471,54
27472,47
27473,25
27474,30
27475,67
27476,35
27477,26
27478,61
27479,54
27480,50
27481,32
27482,34
27483,36
27484,50
27485,28
27486,22
27487,58
27488,27
27489,62
27490,36
27491,21
27492,41
27493,28
27494,33
27495,54
27496,19
27497,76
27498,25
27499,34
27500,40
27501,22
27502,17
27503,55
27504,51
27505,26
27506,44
27507,65
27508,54
27509,34
27510,42
27511,26
27512,39
27513,46
27514,34
27515,59
27516,20
27517,34
27518,62
27519,51
27520,34
27521,47
27522,21
27523,30
27524,38
27525,45
27526,23
27527,34
27528,22
27529,31
27530,50
27531,19
27532,28
27533,23
27534,35
27535,28
27536,27
27537,46
27538,27
27539,25
27540,34
27541,33
27542,36
27543,30
27544,23
27545,36
27546,29
27547,50
27548,19
27549,20
27550,52
27551,20
27552,22
27553,34
27554,60
27555,19
27556,59
27557,36
27558,25
27559,49
27560,25
27561,50
27562,44
27563,28
27564,33
27565,40
27566,56
27567,56
27568,23
27569,38
27570,21
27571,67
27572,54
27573,50
27574,59
27575,51
27576,30
27577,42
27578,64
27579,61
27580,26
27581,47
27582,78
27583,24
27584,27
27585,51
27586,46
27587,55
27588,20
27589,30
27590,36
27591,19
27592,30
27593,31
27594,26
27595,59
27596,53
27597,24
27598,24
27599,36
27600,39
27601,53
27602,75
27603,36
27604,46
27605,56
27606,29
27607,60
27608,58
27609,67
27610,35
27611,39
27612,37
27613,54
27614,63
27615,47
27616,23
27617,55
27618,49
27619,39
27620,23
27621,19
27622,44
27623,25
27624,35
27625,23
27626,48
27627,48
27628,44
27629,55
27630,33
27631,18
27632,24
27633,32
27634,24
27635,44
27636,27
27637,39
27638,26
27639,34
27640,38
27641,41
27642,73
27643,32
27644,56
27645,59
27646,44
27647,35
27648,52
27649,30
27650,23
27651,43
27652,61
27653,38
27654,68
27655,41
27656,42
27657,48
27658,19
27659,31
27660,40
27661,32
27662,51
27663,44
27664,23
27665,30
27666,44
27667,24
27668,34
27669,17
27670,61
27671,30
27672,45
27673,22
27674,49
27675,39
27676,39
27677,34
27678,52
27679,24
27680,38
27681,19
27682,24
27683,25
27684,71
27685,27
27686,28
27687,54
27688,18
27689,49
27690,36
27691,57
27692,56
27693,17
27694,30
27695,41
27696,26
27697,61
27698,50
27699,24
27700,44
27701,38
27702,61
27703,25
27704,34
27705,38
27706,42
27707,17
27708,48
27709,38
27710,52
27711,55
27712,41
27713,45
27714,49
27715,19
27716,39
27717,43
27718,42
27719,17
27720,30
27721,61
27722,48
27723,60
27724,57
27725,27
27726,24
27727,41
27728,42
27729,34
27730,22
27731,47
27732,50
27733,30
27734,38
27735,31
27736,44
27737,34
27738,52
27739,34
27740,31
27741,68
27742,22
27743,42
27744,37
27745,36
27746,38
27747,72
27748,40
27749,19
27750,55
27751,30
27752,52
27753,29
27754,41
27755,29
27756,24
27757,46
27758,44
27759,17
27760,35
27761,38
27762,36
27763,24
27764,38
27765,19
27766,30
27767,36
27768,27
27769,27
27770,66
27771,65
27772,37
27773,17
27774,19
27775,57
27776,54
27777,21
27778,43
27779,50
27780,38
27781,31
27782,41
27783,20
27784,28
27785,62
27786,41
27787,37
27788,53
27789,28
27790,23
27791,46
27792,28
27793,50
27794,19
27795,84
27796,48
27797,61
27798,44
27799,32
27800,25
27801,47
27802,19
27803,37
27804,28
27805,34
27806,32
27807,24
27808,22
27809,30
27810,56
27811,30
27812,28
27813,40
27814,28
27815,39
27816,33
27817,23
27818,32
27819,37
27820,71
27821,30
27822,20
27823,53
27824,42
27825,44
27826,26
27827,21
27828,37
27829,36
27830,25
27831,54
27832,38
27833,29
27834,20
27835,32
27836,24
27837,59
27838,56
27839,40
27840,35
27841,38
27842,24
27843,30
27844,61
27845,36
27846,20
27847,36
27848,45
27849,22
27850,31
27851,34
27852,24
27853,42
27854,23
27855,46
27856,60
27857,40
27858,55
27859,47
27860,28
27861,55
27862,47
27863,54
27864,32
27865,38
27866,61
27867,62
27868,29
27869,26
27870,19
27871,40
27872,36
27873,42
27874,55
27875,55
27876,43
27877,39
27878,38
27879,28
27880,36
27881,49
27882,41
27883,60
27884,35
27885,36
27886,51
27887,23
27888,51
27889,17
27890,33
27891,50
27892,38
27893,18
27894,26
27895,21
27896,26
27897,30
27898,39
27899,33
27900,42
27901,28
27902,20
27903,66
27904,31
27905,36
27906,39
27907,52
27908,61
27909,27
27910,45
27911,21
27912,25
27913,24
27914,38
27915,51
27916,29
27917,45
27918,59
27919,41
27920,23
27921,43
27922,17
27923,32
27924,42
27925,68
27926,55
27927,43
27928,61
27929,28
27930,47
27931,21
27932,39
27933,39
27934,34
27935,57
27936,27
27937,21
27938,25
27939,51
27940,35
27941,19
27942,27
27943,34
27944,33
27945,36
27946,33
27947,60
27948,42
27949,47
27950,42
27951,34
27952,21
27953,30
27954,53
27955,34
27956,37
27957,27
27958,31
27959,30
27960,33
27961,41
27962,23
27963,65
27964,30
27965,51
27966,30
27967,49
27968,37
27969,42
27970,62
27971,67
27972,31
27973,50
27974,33
27975,27
27976,31
27977,35
27978,55
27979,54
27980,56
27981,21
27982,66
27983,46
27984,23
27985,43
27986,40
27987,52
27988,59
27989,36
27990,33
27991,20
27992,21
27993,59
27994,42
27995,62
27996,54
27997,35
27998,36
27999,21
28000,30
28001,46
28002,32
28003,21
28004,39
28005,54
28006,32
28007,23
28008,42
28009,62
28010,28
28011,28
28012,35
28013,19
28014,27
28015,54
28016,19
28017,27
28018,30
28019,35
28020,66
28021,19
28022,30
28023,32
28024,31
28025,26
28026,44
28027,52
28028,30
28029,32
28030,19
28031,33
28032,20
28033,61
28034,33
28035,24
28036,31
28037,20
28038,32
28039,29
28040,61
28041,48
28042,29
28043,61
28044,34
28045,22
28046,32
28047,38
28048,27
28049,26
28050,35
28051,62
28052,28
28053,50
28054,34
28055,37
28056,63
28057,35
28058,55
28059,40
28060,25
28061,51
28062,37
28063,54
28064,47
28065,26
28066,46
28067,24
28068,19
28069,35
28070,36
28071,18
28072,46
28073,30
28074,29
28075,65
28076,41
28077,34
28078,58
28079,39
28080,21
28081,31
28082,33
28083,28
28084,32
28085,32
28086,31
28087,41
28088,48
28089,27
28090,45
28091,34
28092,17
28093,25
28094,34
28095,33
28096,21
28097,22
28098,61
28099,40
28100,58
28101,30
28102,24
28103,52
28104,50
28105,49
28106,22
28107,32
28108,21
28109,25
28110,34
28111,48
28112,61
28113,21
28114,20
28115,30
28116,44
28117,44
28118,29
28119,31
28120,35
28121,27
28122,26
28123,37
28124,33
28125,44
28126,34
28127,28
28128,30
28129,41
28130,23
28131,19
28132,48
28133,26
28134,32
28135,26
28136,36
28137,49
28138,33
28139,54
28140,36
28141,41
28142,27
28143,68
28144,21
28145,56
28146,40
28147,46
28148,55
28149,43
28150,46
28151,51
28152,19
28153,67
28154,31
28155,27
28156,21
28157,36
28158,23
28159,62
28160,31
28161,52
28162,39
28163,24
28164,55
28165,38
28166,36
28167,17
28168,27
28169,30
28170,43
28171,51
28172,47
28173,49
28174,34
28175,19
28176,79
28177,28
28178,41
28179,21
28180,31
28181,45
28182,23
28183,32
28184,67
28185,32
28186,35
28187,29
28188,38
28189,38
28190,18
28191,47
28192,22
28193,21
28194,27
28195,28
28196,32
28197,40
28198,23
28199,25
28200,44
28201,43
28202,31
28203,33
28204,41
28205,29
28206,32
28207,78
28208,64
28209,58
28210,55
28211,20
28212,35
28213,27
28214,37
28215,42
28216,47
28217,29
28218,33
28219,44
28220,70
28221,25
28222,24
28223,42
28224,53
28225,39
28226,72
28227,43
28228,25
28229,37
28230,27
28231,39
28232,64
28233,29
28234,50
28235,33
28236,18
28237,20
28238,32
28239,45
28240,48
28241,20
28242,23
28243,34
28244,43
28245,44
28246,47
28247,47
28248,46
28249,19
28250,51
28251,41
28252,37
28253,31
28254,25
28255,46
28256,53
28257,47
28258,28
28259,60
28260,43
28261,45
28262,28
28263,19
28264,51
28265,19
28266,64
28267,44
28268,21
28269,33
28270,63
28271,44
28272,44
28273,28
28274,24
28275,20
28276,21
28277,20
28278,21
28279,34
28280,17
28281,35
28282,26
28283,35
28284,25
28285,27
28286,52
28287,43
28288,36
28289,37
28290,58
28291,25
28292,54
28293,42
28294,65
28295,44
28296,61
28297,29
28298,34
28299,24
28300,40
28301,42
28302,50
28303,18
28304,49
28305,38
28306,41
28307,70
28308,51
28309,24
28310,57
28311,22
28312,31
28313,28
28314,45
28315,39
28316,26
28317,38
28318,38
28319,19
28320,36
28321,30
28322,28
28323,53
28324,32
28325,57
28326,47
28327,36
28328,21
28329,25
28330,37
28331,31
28332,43
28333,61
28334,56
28335,35
28336,59
28337,44
28338,47
28339,44
28340,64
28341,26
28342,53
28343,50
28344,30
28345,46
28346,45
28347,44
28348,59
28349,65
28350,23
28351,33
28352,34
28353,38
28354,62
28355,21
28356,41
28357,35
28358,62
28359,53
28360,69
28361,19
28362,47
28363,52
28364,54
28365,58
28366,30
28367,39
28368,73
28369,64
28370,32
28371,51
28372,57
28373,25
28374,53
28375,39
28376,49
28377,23
28378,28
28379,46
28380,40
28381,24
28382,20
28383,50
28384,24
28385,35
28386,33
28387,54
28388,35
28389,31
28390,47
28391,48
28392,33
28393,35
28394,20
28395,36
28396,30
28397,39
28398,25
28399,40
28400,25
28401,33
28402,53
28403,18
28404,41
28405,25
28406,66
28407,53
28408,27
28409,28
28410,23
28411,29
28412,26
28413,26
28414,26
28415,38
28416,36
28417,34
28418,32
28419,57
28420,31
28421,38
28422,39
28423,35
28424,18
28425,75
28426,28
28427,41
28428,39
28429,31
28430,38
28431,43
28432,27
28433,42
28434,46
28435,20
28436,42
28437,69
28438,47
28439,49
28440,20
28441,52
28442,33
28443,18
28444,55
28445,61
28446,61
28447,39
28448,30
28449,61
28450,36
28451,34
28452,53
28453,38
28454,46
28455,27
28456,32
28457,60
28458,23
28459,29
28460,22
28461,25
28462,29
28463,90
28464,37
28465,32
28466,18
28467,35
28468,50
28469,54
28470,43
28471,28
28472,51
28473,31
28474,69
28475,57
28476,71
28477,28
28478,28
28479,25
28480,49
28481,52
28482,23
28483,32
28484,31
28485,30
28486,24
28487,45
28488,30
28489,52
28490,42
28491,49
28492,20
28493,25
28494,41
28495,55
28496,31
28497,25
28498,32
28499,29
28500,37
28501,52
28502,19
28503,21
28504,43
28505,39
28506,40
28507,54
28508,35
28509,34
28510,35
28511,57
28512,26
28513,55
28514,51
28515,35
28516,31
28517,17
28518,38
28519,39
28520,29
28521,39
28522,42
28523,46
28524,73
28525,47
28526,28
28527,27
28528,38
28529,19
28530,60
28531,24
28532,52
28533,36
28534,26
28535,28
28536,38
28537,47
28538,50
28539,27
28540,47
28541,36
28542,49
28543,68
28544,63
28545,36
28546,42
28547,28
28548,68
28549,38
28550,43
28551,49
28552,59
28553,25
28554,26
28555,59
28556,34
28557,34
28558,67
28559,45
28560,64
28561,51
28562,31
28563,42
28564,65
28565,23
28566,31
28567,33
28568,17
28569,63
28570,48
28571,45
28572,17
28573,26
28574,38
28575,29
28576,44
28577,43
28578,39
28579,43
28580,23
28581,19
28582,49
28583,52
28584,32
28585,38
28586,25
28587,44
28588,63
28589,42
28590,21
28591,32
28592,24
28593,50
28594,26
28595,35
28596,31
28597,24
28598,40
28599,31
28600,43
28601,44
28602,40
28603,75
28604,52
28605,51
28606,39
28607,40
28608,40
28609,33
28610,38
28611,29
28612,37
28613,37
28614,19
28615,46
28616,46
28617,37
28618,34
28619,38
28620,26
28621,34
28622,57
28623,33
28624,26
28625,20
28626,38
28627,61
28628,36
28629,61
28630,17
28631,40
28632,18
28633,21
28634,41
28635,46
28636,55
28637,27
28638,39
28639,36
28640,51
28641,27
28642,30
28643,42
28644,23
28645,56
28646,41
28647,49
28648,46
28649,54
28650,38
28651,45
28652,50
28653,22
28654,31
28655,27
28656,34
28657,46
28658,47
28659,36
28660,22
28661,51
28662,43
28663,54
28664,24
28665,29
28666,40
28667,18
28668,31
28669,57
28670,32
28671,48
28672,24
28673,24
28674,24
28675,49
28676,27
28677,37
28678,33
28679,19
28680,45
28681,54
28682,47
28683,22
28684,20
28685,36
28686,49
28687,58
28688,20
28689,34
28690,36
28691,28
28692,38
28693,32
28694,35
28695,51
28696,33
28697,71
28698,48
28699,53
28700,40
28701,64
28702,42
28703,25
28704,66
28705,59
28706,42
28707,24
28708,19
28709,26
28710,22
28711,33
28712,63
28713,20
28714,33
28715,57
28716,56
28717,70
28718,42
28719,25
28720,28
28721,80
28722,36
28723,37
28724,38
28725,52
28726,49
28727,30
28728,36
28729,70
28730,55
28731,25
28732,59
28733,22
28734,41
28735,62
28736,54
28737,38
28738,52
28739,36
28740,74
28741,35
28742,41
28743,30
28744,25
28745,35
28746,38
28747,34
28748,48
28749,50
28750,19
28751,51
28752,39
28753,20
28754,17
28755,42
28756,25
28757,36
28758,65
28759,32
28760,33
28761,32
28762,25
28763,41
28764,44
28765,72
28766,36
28767,67
28768,28
28769,24
28770,17
28771,32
28772,67
28773,21
28774,51
28775,32
28776,39
28777,18
28778,50
28779,24
28780,21
28781,24
28782,34
28783,68
28784,49
28785,50
28786,33
28787,18
28788,45
28789,20
28790,46
28791,64
28792,39
28793,35
28794,21
28795,29
28796,38
28797,45
28798,30
28799,41
28800,37
28801,45
28802,20
28803,45
28804,20
28805,63
28806,35
28807,24
28808,19
28809,23
28810,34
28811,23
28812,36
28813,46
28814,38
28815,55
28816,27
28817,48
28818,35
28819,53
28820,47
28821,50
28822,32
28823,40
28824,41
28825,47
28826,21
28827,45
28828,33
28829,68
28830,44
28831,49
28832,45
28833,41
28834,29
28835,46
28836,19
28837,56
28838,55
28839,29
28840,21
28841,38
28842,52
28843,22
28844,20
28845,31
28846,39
28847,55
28848,35
28849,67
28850,45
28851,61
28852,18
28853,51
28854,37
28855,21
28856,32
28857,48
28858,62
28859,21
28860,28
28861,19
28862,20
28863,41
28864,29
28865,47
28866,43
28867,20
28868,29
28869,51
28870,40
28871,26
28872,30
28873,36
28874,68
28875,42
28876,41
28877,43
28878,20
28879,43
28880,53
28881,45
28882,39
28883,31
28884,23
28885,69
28886,38
28887,37
28888,18
28889,41
28890,30
28891,23
28892,26
28893,37
28894,25
28895,33
28896,37
28897,31
28898,27
28899,35
28900,28
28901,59
28902,42
28903,50
28904,27
28905,32
28906,27
28907,43
28908,46
28909,41
28910,59
28911,20
28912,57
28913,46
28914,45
28915,29
28916,23
28917,46
28918,55
28919,58
28920,38
28921,29
28922,57
28923,26
28924,42
28925,61
28926,31
28927,43
28928,47
28929,51
28930,23
28931,24
28932,25
28933,22
28934,38
28935,48
28936,33
28937,46
28938,18
28939,52
28940,46
28941,28
28942,37
28943,23
28944,45
28945,17
28946,56
28947,38
28948,81
28949,22
28950,43
28951,31
28952,42
28953,66
28954,50
28955,31
28956,35
28957,21
28958,36
28959,33
28960,36
28961,37
28962,50
28963,55
28964,29
28965,24
28966,39
28967,34
28968,29
28969,60
28970,33
28971,58
28972,27
28973,46
28974,63
28975,38
28976,23
28977,29
28978,31
28979,49
28980,45
28981,42
28982,48
28983,33
28984,24
28985,49
28986,40
28987,57
28988,50
28989,46
28990,35
28991,19
28992,18
28993,20
28994,42
28995,46
28996,40
28997,54
28998,28
28999,38
29000,28
29001,22
29002,31
29003,27
29004,45
29005,38
29006,67
29007,75
29008,41
29009,37
29010,47
29011,34
29012,25
29013,52
29014,27
29015,35
29016,44
29017,27
29018,42
29019,26
29020,23
29021,28
29022,38
29023,28
29024,29
29025,56
29026,23
29027,30
29028,48
29029,45
29030,38
29031,24
29032,47
29033,22
29034,29
29035,45
29036,24
29037,40
29038,28
29039,46
29040,34
29041,32
29042,20
29043,23
29044,46
29045,21
29046,59
29047,31
29048,48
29049,34
29050,19
29051,20
29052,29
29053,54
29054,36
29055,43
29056,46
29057,33
29058,33
29059,36
29060,37
29061,37
29062,64
29063,45
29064,25
29065,28
29066,26
29067,23
29068,24
29069,58
29070,36
29071,46
29072,23
29073,32
29074,26
29075,52
29076,19
29077,33
29078,60
29079,39
29080,45
29081,37
29082,29
29083,53
29084,46
29085,20
29086,39
29087,48
29088,38
29089,36
29090,53
29091,29
29092,64
29093,34
29094,36
29095,41
29096,34
29097,68
29098,37
29099,22
29100,43
29101,19
29102,36
29103,47
29104,25
29105,33
29106,27
29107,33
29108,24
29109,47
29110,48
29111,28
29112,33
29113,44
29114,33
29115,26
29116,22
29117,34
29118,31
29119,73
29120,38
29121,51
29122,36
29123,29
29124,64
29125,24
29126,21
29127,28
29128,18
29129,41
29130,17
29131,58
29132,50
29133,30
29134,47
29135,24
29136,50
29137,29
29138,31
29139,40
29140,31
29141,53
29142,33
29143,43
29144,56
29145,38
29146,18
29147,50
29148,78
29149,27
29150,19
29151,24
29152,20
29153,25
29154,34
29155,30
29156,37
29157,38
29158,67
29159,35
29160,75
29161,47
29162,23
29163,51
29164,42
29165,32
29166,54
29167,20
29168,39
29169,41
29170,35
29171,45
29172,27
29173,61
29174,41
29175,22
29176,55
29177,66
29178,25
29179,20
29180,20
29181,67
29182,44
29183,42
29184,29
29185,48
29186,25
29187,31
29188,48
29189,40
29190,26
29191,28
29192,52
29193,41
29194,39
29195,48
29196,19
29197,27
29198,59
29199,19
29200,32
29201,39
29202,33
29203,38
29204,27
29205,23
29206,59
29207,25
29208,37
29209,31
29210,24
29211,53
29212,26
29213,25
29214,59
29215,39
29216,28
29217,22
29218,20
29219,25
29220,27
29221,20
29222,63
29223,43
29224,39
29225,27
29226,17
29227,40
29228,50
29229,23
29230,60
29231,30
29232,24
29233,23
29234,24
29235,45
29236,58
29237,22
29238,41
29239,48
29240,31
29241,33
29242,49
29243,30
29244,38
29245,58
29246,58
29247,61
29248,58
29249,32
29250,33
29251,28
29252,22
29253,35
29254,59
29255,45
29256,50
29257,56
29258,36
29259,18
29260,28
29261,42
29262,60
29263,41
29264,42
29265,36
29266,52
29267,42
29268,26
29269,31
29270,47
29271,35
29272,19
29273,59
29274,38
29275,36
29276,35
29277,39
29278,64
29279,17
29280,49
29281,19
29282,36
29283,26
29284,27
29285,66
29286,38
29287,25
29288,19
29289,30
29290,22
29291,60
29292,54
29293,46
29294,33
29295,51
29296,43
29297,18
29298,60
29299,39
29300,23
29301,39
29302,40
29303,48
29304,24
29305,32
29306,31
29307,39
29308,27
29309,45
29310,22
29311,31
29312,63
29313,45
29314,28
29315,23
29316,50
29317,33
29318,22
29319,27
29320,29
29321,36
29322,60
29323,46
29324,67
29325,20
29326,23
29327,38
29328,60
29329,20
29330,37
29331,37
29332,58
29333,25
29334,27
29335,33
29336,43
29337,21
29338,45
29339,44
29340,52
29341,53
29342,31
29343,18
29344,20
29345,32
29346,48
29347,46
29348,28
29349,27
29350,18
29351,69
29352,50
29353,43
29354,32
29355,43
29356,52
29357,50
29358,35
29359,20
29360,73
29361,46
29362,58
29363,46
29364,40
29365,25
29366,22
29367,33
29368,49
29369,62
29370,56
29371,24
29372,42
29373,41
29374,23
29375,22
29376,35
29377,42
29378,22
29379,32
29380,25
29381,66
29382,26
29383,46
29384,55
29385,24
29386,25
29387,22
29388,31
29389,30
29390,54
29391,19
29392,56
29393,47
29394,29
29395,53
29396,22
29397,50
29398,42
29399,21
29400,36
29401,60
29402,69
29403,31
29404,48
29405,23
29406,24
29407,47
29408,36
29409,39
29410,22
29411,27
29412,36
29413,54
29414,33
29415,42
29416,52
29417,23
29418,33
29419,30
29420,35
29421,35
29422,27
29423,24
29424,44
29425,62
29426,45
29427,75
29428,47
29429,64
29430,54
29431,41
29432,33
29433,20
29434,51
29435,45
29436,18
29437,43
29438,30
29439,32
29440,45
29441,61
29442,21
29443,56
29444,28
29445,23
29446,55
29447,27
29448,33
29449,22
29450,43
29451,32
29452,38
29453,18
29454,35
29455,67
29456,29
29457,19
29458,39
29459,29
29460,45
29461,44
29462,42
29463,34
29464,52
29465,18
29466,64
29467,30
29468,43
29469,49
29470,35
29471,37
29472,49
29473,19
29474,22
29475,31
29476,26
29477,44
29478,38
29479,33
29480,24
29481,18
29482,32
29483,27
29484,28
29485,30
29486,33
29487,74
29488,36
29489,36
29490,29
29491,39
29492,25
29493,21
29494,39
29495,38
29496,20
29497,51
29498,21
29499,36
29500,50
29501,38
29502,25
29503,23
29504,36
29505,41
29506,34
29507,19
29508,18
29509,36
29510,46
29511,29
29512,23
29513,35
29514,35
29515,40
29516,22
29517,19
29518,70
29519,38
29520,35
29521,25
29522,39
29523,50
29524,43
29525,37
29526,51
29527,29
29528,20
29529,21
29530,47
29531,44
29532,17
29533,25
29534,43
29535,46
29536,42
29537,46
29538,22
29539,49
29540,21
29541,53
29542,43
29543,22
29544,33
29545,28
29546,25
29547,40
29548,50
29549,48
29550,30
29551,33
29552,34
29553,42
29554,48
29555,38
29556,29
29557,33
29558,64
29559,44
29560,42
29561,49
29562,25
29563,33
29564,38
29565,20
29566,44
29567,45
29568,27
29569,18
29570,38
29571,45
29572,27
29573,64
29574,66
29575,34
29576,45
29577,42
29578,32
29579,26
29580,27
29581,21
29582,23
29583,47
29584,20
29585,46
29586,35
29587,55
29588,28
29589,21
29590,36
29591,29
29592,38
29593,37
29594,81
29595,41
29596,29
29597,30
29598,25
29599,42
29600,30
29601,65
29602,18
29603,26
29604,30
29605,61
29606,21
29607,53
29608,41
29609,43
29610,60
29611,47
29612,48
29613,32
29614,25
29615,31
29616,33
29617,27
29618,44
29619,44
29620,37
29621,34
29622,51
29623,51
29624,25
29625,25
29626,29
29627,36
29628,55
29629,39
29630,31
29631,31
29632,51
29633,30
29634,62
29635,37
29636,30
29637,27
29638,32
29639,23
29640,35
29641,46
29642,45
29643,27
29644,46
29645,22
29646,37
29647,42
29648,45
29649,33
29650,46
29651,24
29652,56
29653,34
29654,50
29655,48
29656,45
29657,55
29658,41
29659,66
29660,29
29661,37
29662,63
29663,61
29664,64
29665,35
29666,22
29667,58
29668,58
29669,24
29670,34
29671,33
29672,33
29673,17
29674,27
29675,20
29676,52
29677,30
29678,22
29679,20
29680,64
29681,49
29682,38
29683,46
29684,17
29685,45
29686,27
29687,45
29688,26
29689,23
29690,44
29691,36
29692,35
29693,24
29694,56
29695,47
29696,32
29697,29
29698,55
29699,35
29700,37
29701,36
29702,33
29703,34
29704,24
29705,25
29706,31
29707,38
29708,30
29709,35
29710,67
29711,34
29712,46
29713,19
29714,26
29715,28
29716,47
29717,49
29718,33
29719,44
29720,30
29721,18
29722,60
29723,44
29724,81
29725,43
29726,35
29727,58
29728,32
29729,40
29730,32
29731,21
29732,44
29733,33
29734,25
29735,42
29736,27
29737,62
29738,31
29739,33
29740,50
29741,50
29742,46
29743,22
29744,66
29745,52
29746,57
29747,41
29748,42
29749,19
29750,45
29751,51
29752,69
29753,45
29754,48
29755,60
29756,42
29757,19
29758,39
29759,46
29760,58
29761,36
29762,21
29763,41
29764,17
29765,29
29766,52
29767,33
29768,38
29769,42
29770,24
29771,59
29772,36
29773,54
29774,39
29775,42
29776,54
29777,26
29778,50
29779,42
29780,48
29781,31
29782,56
29783,28
29784,34
29785,28
29786,41
29787,44
29788,34
29789,26
29790,37
29791,64
29792,25
29793,48
29794,47
29795,17
29796,44
29797,46
29798,32
29799,42
29800,33
29801,61
29802,47
29803,35
29804,62
29805,62
29806,38
29807,19
29808,33
29809,39
29810,17
29811,58
29812,35
29813,34
29814,55
29815,32
29816,19
29817,41
29818,24
29819,52
29820,48
29821,32
29822,47
29823,38
29824,18
29825,25
29826,36
29827,40
29828,56
29829,50
29830,55
29831,32
29832,41
29833,28
29834,53
29835,26
29836,60
29837,21
29838,29
29839,73
29840,43
29841,45
29842,35
29843,36
29844,25
29845,38
29846,30
29847,49
29848,41
29849,27
29850,64
29851,41
29852,37
29853,51
29854,35
29855,61
29856,52
29857,40
29858,20
29859,52
29860,50
29861,49
29862,36
29863,33
29864,40
29865,45
29866,22
29867,47
29868,24
29869,19
29870,40
29871,40
29872,54
29873,43
29874,63
29875,18
29876,19
29877,49
29878,27
29879,49
29880,60
29881,71
29882,34
29883,29
29884,30
29885,46
29886,32
29887,25
29888,25
29889,22
29890,32
29891,40
29892,51
29893,20
29894,34
29895,40
29896,34
29897,19
29898,53
29899,42
29900,38
29901,41
29902,64
29903,30
29904,20
29905,19
29906,20
29907,35
29908,33
29909,43
29910,38
29911,50
29912,23
29913,30
29914,33
29915,48
29916,43
29917,33
29918,50
29919,23
29920,36
29921,50
29922,26
29923,55
29924,37
29925,43
29926,38
29927,42
29928,47
29929,44
29930,28
29931,51
29932,51
29933,49
29934,62
29935,31
29936,29
29937,23
29938,40
29939,66
29940,17
29941,37
29942,69
29943,23
29944,38
29945,37
29946,38
29947,38
29948,37
29949,37
29950,23
29951,17
29952,48
29953,17
29954,55
29955,35
29956,68
29957,35
29958,53
29959,43
29960,36
29961,24
29962,45
29963,34
29964,56
29965,36
29966,22
29967,19
29968,33
29969,48
29970,20
29971,64
29972,47
29973,20
29974,44
29975,45
29976,45
29977,45
29978,27
29979,41
29980,20
29981,54
29982,17
29983,50
29984,31
29985,49
29986,44
29987,49
29988,28
29989,43
29990,33
29991,35
29992,17
29993,25
29994,41
29995,30
29996,48
29997,61
29998,41
29999,36
30000,24
30001,27
30002,18
30003,20
30004,18
30005,23
30006,43
30007,38
30008,36
30009,28
30010,47
30011,51
30012,35
30013,38
30014,47
30015,26
30016,31
30017,46
30018,49
30019,19
30020,45
30021,46
30022,70
30023,19
30024,46
30025,20
30026,17
30027,43
30028,19
30029,37
30030,51
30031,40
30032,24
30033,31
30034,59
30035,27
30036,40
30037,30
30038,28
30039,25
30040,22
30041,21
30042,67
30043,35
30044,54
30045,36
30046,29
30047,32
30048,55
30049,56
30050,19
30051,36
30052,58
30053,35
30054,44
30055,40
30056,18
30057,71
30058,51
30059,27
30060,20
30061,33
30062,34
30063,28
30064,23
30065,36
30066,42
30067,31
30068,19
30069,38
30070,22
30071,36
30072,36
30073,17
30074,30
30075,35
30076,32
30077,42
30078,54
30079,36
30080,58
30081,39
30082,62
30083,51
30084,52
30085,25
30086,26
30087,26
30088,59
30089,21
30090,45
30091,26
30092,68
30093,60
30094,65
30095,41
30096,34
30097,28
30098,40
30099,57
30100,37
30101,34
30102,21
30103,57
30104,55
30105,51
30106,56
30107,32
30108,18
30109,48
30110,46
30111,41
30112,33
30113,33
30114,47
30115,46
30116,40
30117,42
30118,31
30119,51
30120,44
30121,37
30122,25
30123,63
30124,52
30125,42
30126,28
30127,30
30128,34
30129,37
30130,31
30131,35
30132,25
30133,38
30134,43
30135,22
30136,18
30137,26
30138,36
30139,43
30140,21
30141,62
30142,26
30143,54
30144,18
30145,65
30146,41
30147,31
30148,56
30149,50
30150,22
30151,36
30152,48
30153,30
30154,35
30155,37
30156,32
30157,56
30158,29
30159,41
30160,38
30161,34
30162,54
30163,36
30164,42
30165,33
30166,21
30167,69
30168,32
30169,50
30170,40
30171,45
30172,31
30173,24
30174,28
30175,21
30176,43
30177,22
30178,62
30179,21
30180,37
30181,34
30182,74
30183,43
30184,25
30185,43
30186,23
30187,33
30188,51
30189,64
30190,35
30191,69
30192,32
30193,20
30194,66
30195,31
30196,22
30197,32
30198,23
30199,21
30200,36
30201,62
30202,24
30203,45
30204,27
30205,38
30206,20
30207,30
30208,17
30209,17
30210,21
30211,56
30212,59
30213,37
30214,52
30215,50
30216,55
30217,55
30218,45
30219,72
30220,39
30221,28
30222,38
30223,44
30224,51
30225,20
30226,25
30227,52
30228,45
30229,17
30230,20
30231,64
30232,34
30233,74
30234,58
30235,44
30236,23
30237,23
30238,27
30239,34
30240,18
30241,33
30242,50
30243,47
30244,50
30245,18
30246,49
30247,34
30248,51
30249,56
30250,64
30251,23
30252,33
30253,43
30254,60
30255,57
30256,22
30257,23
30258,54
30259,39
30260,32
30261,20
30262,30
30263,56
30264,34
30265,32
30266,59
30267,19
30268,60
30269,29
30270,24
30271,41
30272,23
30273,32
30274,51
30275,18
30276,28
30277,33
30278,38
30279,29
30280,25
30281,31
30282,34
30283,34
30284,66
30285,41
30286,62
30287,58
30288,40
30289,24
30290,47
30291,19
30292,32
30293,51
30294,25
30295,60
30296,22
30297,29
30298,20
30299,42
30300,18
30301,23
30302,28
30303,55
30304,40
30305,52
30306,37
30307,21
30308,35
30309,45
30310,39
30311,54
30312,42
30313,26
30314,59
30315,42
30316,22
30317,33
30318,39
30319,18
30320,46
30321,24
30322,28
30323,21
30324,22
30325,61
30326,56
30327,21
30328,17
30329,29
30330,28
30331,62
30332,39
30333,30
30334,20
30335,18
30336,54
30337,49
30338,33
30339,50
30340,57
30341,50
30342,45
30343,41
30344,23
30345,23
30346,47
30347,39
30348,29
30349,46
30350,18
30351,68
30352,62
30353,43
30354,35
30355,21
30356,21
30357,41
30358,61
30359,24
30360,21
30361,36
30362,37
30363,69
30364,49
30365,55
30366,21
30367,18
30368,26
30369,20
30370,46
30371,23
30372,48
30373,36
30374,42
30375,41
30376,45
30377,52
30378,22
30379,20
30380,27
30381,36
30382,34
30383,38
30384,20
30385,47
30386,21
30387,33
30388,31
30389,61
30390,46
30391,55
30392,19
30393,39
30394,61
30395,28
30396,28
30397,61
30398,61
30399,54
30400,50
30401,37
30402,17
30403,56
30404,31
30405,32
30406,28
30407,34
30408,33
30409,42
30410,64
30411,29
30412,41
30413,45
30414,48
30415,44
30416,34
30417,40
30418,45
30419,23
30420,51
30421,24
30422,57
30423,23
30424,34
30425,36
30426,56
30427,42
30428,45
30429,38
30430,29
30431,54
30432,40
30433,29
30434,35
30435,47
30436,51
30437,28
30438,58
30439,24
30440,46
30441,57
30442,22
30443,28
30444,17
30445,23
30446,19
30447,66
30448,38
30449,39
30450,39
30451,47
30452,39
30453,22
30454,36
30455,32
30456,29
30457,43
30458,51
30459,42
30460,32
30461,34
30462,51
30463,38
30464,21
30465,33
30466,34
30467,32
30468,38
30469,27
30470,35
30471,29
30472,40
30473,46
30474,37
30475,38
30476,37
30477,44
30478,25
30479,38
30480,34
30481,50
30482,46
30483,20
30484,47
30485,46
30486,34
30487,61
30488,55
30489,36
30490,28
30491,22
30492,34
30493,33
30494,27
30495,43
30496,55
30497,39
30498,20
30499,38
30500,30
30501,21
30502,60
30503,43
30504,36
30505,23
30506,57
30507,25
30508,38
30509,22
30510,23
30511,61
30512,28
30513,17
30514,21
30515,49
30516,37
30517,23
30518,38
30519,34
30520,21
30521,27
30522,57
30523,22
30524,20
30525,49
30526,38
30527,40
30528,44
30529,37
30530,57
30531,56
30532,41
30533,50
30534,33
30535,29
30536,28
30537,35
30538,36
30539,45
30540,30
30541,35
30542,27
30543,22
30544,24
30545,47
30546,47
30547,18
30548,18
30549,31
30550,43
30551,45
30552,39
30553,30
30554,22
30555,30
30556,36
30557,20
30558,61
30559,27
30560,59
30561,60
30562,43
30563,35
30564,40
30565,20
30566,47
30567,40
30568,20
30569,75
30570,25
30571,47
30572,29
30573,34
30574,45
30575,23
30576,46
30577,41
30578,29
30579,17
30580,39
30581,37
30582,34
30583,20
30584,18
30585,52
30586,42
30587,22
30588,66
30589,35
30590,40
30591,21
30592,51
30593,34
30594,24
30595,43
30596,34
30597,42
30598,41
30599,21
30600,64
30601,24
30602,23
30603,29
30604,44
30605,28
30606,33
30607,35
30608,41
30609,42
30610,51
30611,32
30612,37
30613,18
30614,24
30615,29
30616,45
30617,52
30618,35
30619,46
30620,63
30621,32
30622,24
30623,72
30624,35
30625,29
30626,35
30627,70
30628,65
30629,36
30630,53
30631,49
30632,60
30633,18
30634,21
30635,42
30636,25
30637,32
30638,25
30639,47
30640,30
30641,21
30642,38
30643,34
30644,37
30645,56
30646,52
30647,23
30648,29
30649,45
30650,23
30651,45
30652,30
30653,45
30654,26
30655,23
30656,24
30657,43
30658,42
30659,72
30660,21
30661,57
30662,24
30663,27
30664,54
30665,42
30666,17
30667,48
30668,39
30669,41
30670,50
30671,57
30672,44
30673,20
30674,49
30675,44
30676,42
30677,18
30678,18
30679,51
30680,28
30681,39
30682,25
30683,41
30684,39
30685,42
30686,33
30687,63
30688,47
30689,27
30690,39
30691,20
30692,49
30693,70
30694,46
30695,47
30696,35
30697,24
30698,22
30699,43
30700,60
30701,53
30702,47
30703,34
30704,37
30705,35
30706,23
30707,27
30708,29
30709,23
30710,35
30711,18
30712,27
30713,56
30714,40
30715,31
30716,18
30717,25
30718,36
30719,38
30720,52
30721,23
30722,48
30723,34
30724,46
30725,26
30726,47
30727,21
30728,65
30729,31
30730,38
30731,68
30732,26
30733,42
30734,49
30735,42
30736,39
30737,31
30738,28
30739,36
30740,42
30741,62
30742,21
30743,21
30744,60
30745,22
30746,30
30747,64
30748,28
30749,41
30750,25
30751,27
30752,40
30753,58
30754,31
30755,50
30756,27
30757,31
30758,50
30759,45
30760,33
30761,62
30762,38
30763,19
30764,30
30765,38
30766,42
30767,49
30768,53
30769,45
30770,24
30771,29
30772,24
30773,38
30774,25
30775,51
30776,17
30777,19
30778,38
30779,60
30780,29
30781,66
30782,28
30783,36
30784,57
30785,24
30786,43
30787,29
30788,67
30789,20
30790,21
30791,20
30792,42
30793,20
30794,19
30795,34
30796,40
30797,33
30798,36
30799,43
30800,41
30801,34
30802,33
30803,47
30804,41
30805,40
30806,28
30807,62
30808,29
30809,46
30810,28
30811,57
30812,22
30813,28
30814,24
30815,54
30816,22
30817,36
30818,50
30819,18
30820,52
30821,41
30822,21
30823,36
30824,34
30825,21
30826,46
30827,57
30828,61
30829,22
30830,33
30831,36
30832,43
30833,25
30834,17
30835,45
30836,30
30837,40
30838,31
30839,42
30840,53
30841,37
30842,37
30843,54
30844,36
30845,46
30846,46
30847,32
30848,17
30849,42
30850,37
30851,29
30852,54
30853,38
30854,46
30855,24
30856,57
30857,59
30858,33
30859,35
30860,53
30861,26
30862,55
30863,46
30864,44
30865,30
30866,24
30867,32
30868,35
30869,67
30870,56
30871,26
30872,46
30873,52
30874,38
30875,31
30876,53
30877,27
30878,39
30879,22
30880,37
30881,20
30882,60
30883,51
30884,57
30885,59
30886,37
30887,35
30888,43
30889,17
30890,45
30891,18
30892,52
30893,18
30894,20
30895,34
30896,19
30897,18
30898,17
30899,30
30900,29
30901,30
30902,18
30903,50
30904,22
30905,21
30906,39
30907,20
30908,62
30909,32
30910,38
30911,32
30912,55
30913,38
30914,34
30915,28
30916,26
30917,41
30918,61
30919,75
30920,21
30921,50
30922,49
30923,26
30924,39
30925,24
30926,56
30927,17
30928,37
30929,23
30930,28
30931,57
30932,42
30933,25
30934,22
30935,39
30936,54
30937,41
30938,43
30939,19
30940,35
30941,34
30942,19
30943,33
30944,33
30945,49
30946,31
30947,69
30948,41
30949,24
30950,45
30951,63
30952,75
30953,34
30954,69
30955,33
30956,44
30957,45
30958,18
30959,48
30960,43
30961,26
30962,35
30963,34
30964,48
30965,54
30966,57
30967,21
30968,28
30969,51
30970,34
30971,41
30972,21
30973,26
30974,66
30975,40
30976,48
30977,44
30978,41
30979,41
30980,55
30981,43
30982,51
30983,31
30984,30
30985,51
30986,31
30987,18
30988,60
30989,29
30990,33
30991,34
30992,40
30993,57
30994,55
30995,40
30996,26
30997,29
30998,30
30999,29
31000,43
31001,65
31002,19
31003,35
31004,28
31005,34
31006,61
31007,63
31008,47
31009,31
31010,18
31011,29
31012,59
31013,50
31014,49
31015,60
31016,35
31017,48
31018,21
31019,41
31020,56
31021,26
31022,53
31023,23
31024,58
31025,61
31026,29
31027,22
31028,43
31029,31
31030,90
31031,53
31032,22
31033,55
31034,34
31035,28
31036,22
31037,36
31038,33
31039,17
31040,38
31041,60
31042,34
31043,72
31044,57
31045,39
31046,50
31047,45
31048,37
31049,27
31050,43
31051,41
31052,20
31053,44
31054,50
31055,54
31056,31
31057,33
31058,22
31059,46
31060,30
31061,22
31062,59
31063,57
31064,26
31065,52
31066,55
31067,47
31068,19
31069,26
31070,44
31071,42
31072,39
31073,17
31074,26
31075,26
31076,50
31077,46
31078,18
31079,26
31080,32
31081,50
31082,47
31083,52
31084,25
31085,42
31086,53
31087,30
31088,23
31089,23
31090,32
31091,29
31092,40
31093,45
31094,17
31095,55
31096,59
31097,56
31098,23
31099,37
31100,25
31101,22
31102,27
31103,21
31104,47
31105,38
31106,62
31107,27
31108,25
31109,27
31110,40
31111,22
31112,33
31113,28
31114,28
31115,29
31116,46
31117,30
31118,65
31119,28
31120,39
31121,35
31122,50
31123,25
31124,63
31125,56
31126,46
31127,19
31128,56
31129,31
31130,51
31131,17
31132,27
31133,30
31134,18
31135,41
31136,40
31137,35
31138,29
31139,27
31140,25
31141,53
31142,53
31143,26
31144,41
31145,28
31146,48
31147,22
31148,40
31149,52
31150,53
31151,40
31152,57
31153,53
31154,23
31155,31
31156,20
31157,25
31158,37
31159,50
31160,34
31161,37
31162,52
31163,29
31164,49
31165,31
31166,47
31167,51
31168,27
31169,23
31170,55
31171,28
31172,31
31173,30
31174,23
31175,19
31176,22
31177,50
31178,64
31179,21
31180,75
31181,29
31182,47
31183,20
31184,33
31185,45
31186,41
31187,23
31188,38
31189,67
31190,21
31191,38
31192,31
31193,19
31194,59
31195,36
31196,50
31197,60
31198,30
31199,28
31200,36
31201,21
31202,27
31203,18
31204,44
31205,56
31206,51
31207,48
31208,31
31209,35
31210,35
31211,36
31212,47
31213,23
31214,21
31215,49
31216,51
31217,46
31218,31
31219,27
31220,56
31221,48
31222,30
31223,29
31224,50
31225,18
31226,37
31227,51
31228,31
31229,29
31230,39
31231,48
31232,44
31233,39
31234,22
31235,27
31236,42
31237,18
31238,27
31239,51
31240,27
31241,60
31242,36
31243,45
31244,40
31245,63
31246,41
31247,53
31248,34
31249,34
31250,31
31251,22
31252,49
31253,43
31254,36
31255,27
31256,52
31257,29
31258,27
31259,42
31260,49
31261,24
31262,22
31263,30
31264,28
31265,20
31266,45
31267,39
31268,43
31269,18
31270,53
31271,74
31272,39
31273,33
31274,49
31275,21
31276,65
31277,39
31278,49
31279,20
31280,47
31281,46
31282,29
31283,61
31284,48
31285,44
31286,37
31287,45
31288,51
31289,33
31290,55
31291,25
31292,26
31293,54
31294,38
31295,39
31296,20
31297,30
31298,29
31299,42
31300,24
31301,36
31302,60
31303,42
31304,42
31305,46
31306,52
31307,27
31308,43
31309,43
31310,27
31311,52
31312,31
31313,38
31314,44
31315,27
31316,50
31317,23
31318,22
31319,36
31320,24
31321,59
31322,39
31323,23
31324,37
31325,25
31326,40
31327,38
31328,31
31329,28
31330,24
31331,46
31332,29
31333,38
31334,53
31335,33
31336,39
31337,44
31338,46
31339,30
31340,24
31341,29
31342,62
31343,25
31344,45
31345,21
31346,64
31347,39
31348,60
31349,35
31350,27
31351,41
31352,32
31353,24
31354,32
31355,42
31356,58
31357,23
31358,31
31359,28
31360,41
31361,37
31362,19
31363,27
31364,61
31365,39
31366,25
31367,58
31368,27
31369,51
31370,43
31371,46
31372,67
31373,50
31374,20
31375,35
31376,57
31377,40
31378,42
31379,67
31380,47
31381,30
31382,26
31383,51
31384,38
31385,24
31386,48
31387,34
31388,70
31389,35
31390,61
31391,26
31392,64
31393,26
31394,39
31395,55
31396,23
31397,33
31398,31
31399,28
31400,50
31401,26
31402,44
31403,51
31404,34
31405,37
31406,29
31407,24
31408,27
31409,44
31410,24
31411,54
31412,47
31413,30
31414,35
31415,39
31416,42
31417,70
31418,41
31419,36
31420,44
31421,42
31422,20
31423,29
31424,27
31425,30
31426,59
31427,31
31428,21
31429,26
31430,57
31431,59
31432,87
31433,25
31434,39
31435,53
31436,32
31437,38
31438,21
31439,17
31440,44
31441,23
31442,57
31443,30
31444,51
31445,54
31446,44
31447,60
31448,28
31449,39
31450,55
31451,36
31452,55
31453,33
31454,30
31455,40
31456,30
31457,40
31458,24
31459,18
31460,18
31461,49
31462,42
31463,28
31464,32
31465,48
31466,24
31467,73
31468,35
31469,23
31470,19
31471,27
31472,27
31473,41
31474,31
31475,64
31476,45
31477,47
31478,22
31479,24
31480,69
31481,40
31482,45
31483,47
31484,31
31485,48
31486,41
31487,34
31488,48
31489,28
31490,20
31491,39
31492,40
31493,28
31494,20
31495,41
31496,49
31497,24
31498,35
31499,22
31500,23
31501,23
31502,42
31503,34
31504,32
31505,54
31506,48
31507,38
31508,48
31509,22
31510,42
31511,31
31512,27
31513,57
31514,46
31515,44
31516,42
31517,24
31518,38
31519,29
31520,38
31521,33
31522,61
31523,49
31524,51
31525,42
31526,21
31527,29
31528,54
31529,23
31530,52
31531,28
31532,23
31533,43
31534,45
31535,51
31536,29
31537,23
31538,73
31539,47
31540,61
31541,26
31542,40
31543,32
31544,39
31545,33
31546,35
31547,42
31548,46
31549,33
31550,47
31551,33
31552,26
31553,42
31554,28
31555,29
31556,18
31557,33
31558,36
31559,33
31560,40
31561,57
31562,40
31563,36
31564,45
31565,52
31566,24
31567,30
31568,28
31569,46
31570,36
31571,48
31572,36
31573,48
31574,21
31575,18
31576,38
31577,66
31578,36
31579,38
31580,55
31581,27
31582,22
31583,29
31584,40
31585,21
31586,49
31587,29
31588,28
31589,26
31590,33
31591,72
31592,59
31593,37
31594,56
31595,27
31596,39
31597,49
31598,30
31599,28
31600,25
31601,18
31602,25
31603,36
31604,52
31605,20
31606,25
31607,26
31608,50
31609,48
31610,39
31611,30
31612,26
31613,36
31614,49
31615,34
31616,28
31617,28
31618,42
31619,26
31620,54
31621,66
31622,61
31623,45
31624,29
31625,74
31626,61
31627,27
31628,53
31629,57
31630,41
31631,45
31632,43
31633,26
31634,29
31635,65
31636,41
31637,31
31638,50
31639,52
31640,18
31641,26
31642,57
31643,63
31644,29
31645,32
31646,34
31647,43
31648,39
31649,28
31650,32
31651,28
31652,40
31653,25
31654,54
31655,48
31656,51
31657,67
31658,17
31659,24
31660,25
31661,68
31662,54
31663,32
31664,61
31665,41
31666,53
31667,45
31668,64
31669,51
31670,41
31671,40
31672,27
31673,41
31674,51
31675,36
31676,34
31677,43
31678,61
31679,31
31680,34
31681,43
31682,52
31683,18
31684,37
31685,60
31686,47
31687,21
31688,34
31689,28
31690,40
31691,26
31692,48
31693,46
31694,58
31695,32
31696,90
31697,38
31698,20
31699,43
31700,17
31701,36
31702,36
31703,30
31704,45
31705,51
31706,29
31707,35
31708,19
31709,56
31710,64
31711,62
31712,24
31713,33
31714,43
31715,22
31716,44
31717,37
31718,34
31719,43
31720,39
31721,30
31722,58
31723,31
31724,45
31725,30
31726,42
31727,50
31728,25
31729,34
31730,50
31731,72
31732,60
31733,41
31734,71
31735,40
31736,22
31737,52
31738,30
31739,36
31740,40
31741,31
31742,44
31743,38
31744,46
31745,57
31746,39
31747,42
31748,43
31749,22
31750,44
31751,22
31752,37
31753,20
31754,26
31755,35
31756,28
31757,34
31758,17
31759,18
31760,25
31761,44
31762,61
31763,39
31764,61
31765,19
31766,22
31767,19
31768,45
31769,20
31770,37
31771,26
31772,17
31773,26
31774,58
31775,61
31776,64
31777,19
31778,36
31779,47
31780,62
31781,36
31782,38
31783,54
31784,31
31785,26
31786,50
31787,41
31788,52
31789,28
31790,23
31791,46
31792,32
31793,59
31794,30
31795,58
31796,31
31797,36
31798,31
31799,52
31800,29
31801,48
31802,30
31803,58
31804,20
31805,19
31806,63
31807,51
31808,53
31809,54
31810,35
31811,26
31812,47
31813,44
31814,80
31815,55
31816,43
31817,49
31818,27
31819,42
31820,39
31821,36
31822,32
31823,58
31824,63
31825,49
31826,36
31827,46
31828,47
31829,39
31830,33
31831,43
31832,30
31833,39
31834,44
31835,27
31836,80
31837,31
31838,34
31839,28
31840,55
31841,36
31842,42
31843,67
31844,53
31845,43
31846,29
31847,19
31848,51
31849,21
31850,54
31851,42
31852,41
31853,28
31854,31
31855,82
31856,23
31857,40
31858,35
31859,24
31860,21
31861,27
31862,29
31863,40
31864,17
31865,27
31866,34
31867,18
31868,39
31869,34
31870,44
31871,18
31872,39
31873,28
31874,30
31875,60
31876,58
31877,49
31878,61
31879,27
31880,59
31881,52
31882,42
31883,27
31884,41
31885,35
31886,50
31887,36
31888,21
31889,38
31890,46
31891,59
31892,55
31893,49
31894,59
31895,38
31896,22
31897,28
31898,47
31899,59
31900,37
31901,33
31902,34
31903,35
31904,55
31905,18
31906,48
31907,48
31908,70
31909,27
31910,43
31911,32
31912,62
31913,18
31914,50
31915,38
31916,18
31917,46
31918,26
31919,44
31920,32
31921,25
31922,55
31923,55
31924,25
31925,40
31926,29
31927,60
31928,45
31929,43
31930,24
31931,34
31932,47
31933,24
31934,47
31935,18
31936,50
31937,22
31938,49
31939,41
31940,68
31941,62
31942,25
31943,24
31944,44
31945,32
31946,49
31947,68
31948,25
31949,47
31950,35
31951,37
31952,57
31953,37
31954,34
31955,46
31956,21
31957,26
31958,45
31959,17
31960,36
31961,33
31962,27
31963,32
31964,24
31965,37
31966,53
31967,44
31968,43
31969,29
31970,47
31971,37
31972,43
31973,23
31974,50
31975,25
31976,40
31977,39
31978,41
31979,32
31980,19
31981,26
31982,30
31983,34
31984,41
31985,42
31986,45
31987,22
31988,25
31989,22
31990,46
31991,48
31992,45
31993,19
31994,31
31995,30
31996,40
31997,60
31998,52
31999,22
32000,25
32001,51
32002,32
32003,51
32004,42
32005,39
32006,24
32007,52
32008,58
32009,43
32010,31
32011,28
32012,31
32013,61
32014,26
32015,46
32016,62
32017,50
32018,18
32019,23
32020,21
32021,46
32022,38
32023,53
32024,53
32025,50
32026,26
32027,46
32028,44
32029,36
32030,20
32031,35
32032,40
32033,70
32034,57
32035,40
32036,18
32037,45
32038,52
32039,24
32040,42
32041,28
32042,32
32043,56
32044,44
32045,20
32046,32
32047,59
32048,21
32049,32
32050,49
32051,22
32052,51
32053,33
32054,23
32055,34
32056,53
32057,44
32058,60
32059,55
32060,57
32061,59
32062,26
32063,30
32064,49
32065,45
32066,29
32067,37
32068,21
32069,36
32070,18
32071,37
32072,19
32073,65
32074,30
32075,27
32076,59
32077,32
32078,25
32079,40
32080,21
32081,49
32082,49
32083,51
32084,48
32085,42
32086,53
32087,29
32088,21
32089,54
32090,66
32091,34
32092,39
32093,62
32094,30
32095,27
32096,25
32097,26
32098,45
32099,55
32100,26
32101,45
32102,61
32103,34
32104,26
32105,44
32106,45
32107,55
32108,20
32109,48
32110,33
32111,44
32112,32
32113,54
32114,40
32115,29
32116,56
32117,47
32118,22
32119,46
32120,24
32121,37
32122,49
32123,44
32124,21
32125,55
32126,23
32127,50
32128,44
32129,48
32130,38
32131,48
32132,39
32133,52
32134,63
32135,48
32136,37
32137,26
32138,50
32139,47
32140,19
32141,34
32142,29
32143,33
32144,53
32145,24
32146,39
32147,50
32148,31
32149,22
32150,42
32151,23
32152,22
32153,65
32154,34
32155,23
32156,38
32157,45
32158,19
32159,46
32160,23
32161,37
32162,59
32163,36
32164,35
32165,51
32166,42
32167,35
32168,20
32169,25
32170,41
32171,40
32172,36
32173,34
32174,44
32175,31
32176,41
32177,43
32178,43
32179,58
32180,19
32181,43
32182,50
32183,44
32184,46
32185,52
32186,52
32187,18
32188,29
32189,19
32190,34
32191,23
32192,64
32193,68
32194,42
32195,41
32196,41
32197,22
32198,67
32199,27
32200,25
32201,49
32202,28
32203,51
32204,23
32205,19
32206,72
32207,33
32208,53
32209,35
32210,31
32211,18
32212,45
32213,28
32214,22
32215,55
32216,45
32217,22
32218,37
32219,28
32220,19
32221,37
32222,50
32223,31
32224,40
32225,51
32226,56
32227,21
32228,40
32229,22
32230,47
32231,44
32232,30
32233,44
32234,41
32235,47
32236,26
32237,34
32238,47
32239,36
32240,21
32241,45
32242,33
32243,33
32244,58
32245,31
32246,32
32247,44
32248,24
32249,35
32250,43
32251,49
32252,37
32253,42
32254,31
32255,19
32256,41
32257,51
32258,51
32259,63
32260,39
32261,30
32262,62
32263,27
32264,32
32265,37
32266,47
32267,31
32268,42
32269,37
32270,60
32271,42
32272,38
32273,24
32274,34
32275,20
32276,29
32277,90
32278,55
32279,36
32280,49
32281,50
32282,17
32283,54
32284,26
32285,44
32286,28
32287,54
32288,21
32289,24
32290,31
32291,59
32292,41
32293,29
32294,50
32295,32
32296,42
32297,47
32298,44
32299,49
32300,61
32301,65
32302,45
32303,59
32304,30
32305,34
32306,24
32307,42
32308,37
32309,36
32310,21
32311,54
32312,34
32313,41
32314,18
32315,26
32316,23
32317,63
32318,34
32319,54
32320,37
32321,54
32322,22
32323,32
32324,42
32325,31
32326,48
32327,28
32328,31
32329,28
32330,24
32331,50
32332,26
32333,37
32334,24
32335,18
32336,32
32337,23
32338,33
32339,49
32340,75
32341,74
32342,26
32343,66
32344,34
32345,18
32346,33
32347,36
32348,44
32349,36
32350,53
32351,60
32352,28
32353,36
32354,35
32355,45
32356,23
32357,35
32358,34
32359,46
32360,58
32361,55
32362,63
32363,41
32364,45
32365,41
32366,42
32367,90
32368,41
32369,22
32370,53
32371,49
32372,51
32373,22
32374,23
32375,59
32376,40
32377,28
32378,39
32379,25
32380,48
32381,62
32382,44
32383,28
32384,62
32385,32
32386,59
32387,20
32388,40
32389,47
32390,60
32391,55
32392,18
32393,43
32394,31
32395,22
32396,56
32397,41
32398,24
32399,42
32400,53
32401,52
32402,42
32403,48
32404,35
32405,33
32406,20
32407,33
32408,30
32409,31
32410,29
32411,26
32412,61
32413,45
32414,29
32415,57
32416,33
32417,20
32418,26
32419,36
32420,23
32421,31
32422,47
32423,61
32424,35
32425,23
32426,20
32427,41
32428,39
32429,51
32430,61
32431,51
32432,36
32433,41
32434,34
32435,25
32436,37
32437,19
32438,66
32439,23
32440,30
32441,53
32442,25
32443,18
32444,51
32445,61
32446,53
32447,17
32448,61
32449,44
32450,38
32451,40
32452,32
32453,46
32454,50
32455,36
32456,30
32457,33
32458,36
32459,85
32460,62
32461,24
32462,48
32463,58
32464,45
32465,66
32466,37
32467,55
32468,39
32469,58
32470,50
32471,28
32472,34
32473,41
32474,36
32475,22
32476,35
32477,49
32478,21
32479,64
32480,41
32481,52
32482,32
32483,27
32484,48
32485,28
32486,24
32487,51
32488,32
32489,61
32490,60
32491,33
32492,42
32493,24
32494,82
32495,26
32496,18
32497,34
32498,57
32499,25
32500,34
32501,71
32502,35
32503,47
32504,50
32505,33
32506,38
32507,50
32508,45
32509,32
32510,39
32511,25
32512,20
32513,46
32514,40
32515,66
32516,30
32517,36
32518,57
32519,46
32520,27
32521,33
32522,58
32523,30
32524,26
32525,81
32526,32
32527,22
32528,31
32529,29
32530,35
32531,30
32532,34
32533,54
32534,37
32535,22
32536,34
32537,30
32538,38
32539,71
32540,45
32541,41
32542,72
32543,45
32544,31
32545,39
32546,37
32547,43
32548,65
32549,43
32550,43
32551,32
32552,43
32553,32
32554,53
32555,22
32556,27
32557,40
32558,58
32559,22
32560,52
